0,316,298,279,281,254,235,241,287,293,295,316,334,365,387,434,480,146,143,524,484,459,439,407,393,393,396,366,389,405,404,406,411,440,468,486,539,584,642,672,
DiSp,P,1.04
DiSp,V,3.57
DiSp,A,nan,nan,nan,nan,nan,1972,nan,1879,nan,nan,nan,2103,nan,2340,2155,2083,2075,2131,2196,1251,1144,1039,1040,1864,nan,2980,nan,nan,nan,2080,2003,nan,1908,1839,nan,1933,1928,1969,nan,2025,nan,1781,nan,1178,1097,1053,1116,1759,nan,nan,nan,2614,nan,2208,nan,1833,1695,1665,1682,1734,1719,1737,1749,1793,1833,1935,nan,1150,1103,1095,1167,1643,755,nan,nan,nan,2079,1919,1767,1628,1524,1523,1514,1113,1554,1556,1572,1577,1621,nan,1973,nan,1174,1170,1795,1613,nan,nan,2247,2022,1880,1739,1632,1482,1382,1380,1106,1142,1392,1419,1422,1444,1497,1539,nan,1935,2221,1946,2257,nan,515,nan,1958,1822,1689,1566,1475,1377,1279,1291,1074,1078,1121,1301,1313,1335,1345,1433,1529,1679,1867,1873,nan,nan,480,429,288,1584,1548,1434,1338,1254,1206,1211,1067,996,1018,1191,1230,1233,1233,1342,1434,1560,1681,1794,1965,nan,414,402,nan,1455,1364,1299,1236,1160,1116,1125,1111,1021,1096,1141,1138,1142,1147,1227,1304,1409,1516,1638,1852,1978,
DiSp,X,1559,1800,2103,2340,2155,2083,2161,2041,1920,989,808,647,561,850,1359,1644,1751,1908,1839,1933,1928,1969,2025,1706,931,775,656,602,802,1629,1746,1756,1695,1665,1682,1734,1719,1737,1749,1793,1909,1854,909,779,682,629,749,281,1470,1517,1545,1559,1524,1523,1514,1113,1554,1556,1572,1577,1688,1725,830,729,968,735,1212,1260,1329,1375,1427,1419,1382,1380,1106,1142,1392,1419,1422,1444,1559,1474,1530,1570,1213,1218,191,1056,1135,1194,1238,1289,1319,1279,1291,1074,1078,1121,1301,1313,1335,1401,1373,1337,1327,1320,1167,178,195,155,987,1094,1133,1170,1201,1206,1211,1067,996,1018,1191,1230,1233,1284,1285,1253,1233,1188,1118,1060,154,183,907,964,1027,1080,1111,1116,1125,1111,1021,1096,1141,1138,1142,1194,1175,1140,1114,1071,1021,999,902,
DiSp,I,17,21,33,39,41,43,46,50,54,59,64,68,71,0,5,17,19,22,23,33,37,39,43,0,0,64,68,0,74,11,17,21,22,23,27,32,37,38,41,42,46,50,59,64,68,71,0,2,14,16,19,20,22,23,27,31,37,38,40,42,45,54,63,68,0,74,8,11,13,15,18,20,22,23,26,30,37,38,40,42,45,49,58,62,67,70,2,7,11,13,15,18,20,22,23,25,29,36,38,40,42,44,48,53,57,61,66,2,4,6,10,13,15,18,20,22,23,25,29,35,38,40,42,44,48,52,56,60,66,69,2,3,9,12,15,18,20,22,23,24,28,34,38,40,42,44,47,51,55,60,65,69,72,
DiSp,Y,-1229,-856,-248,276,510,739,772,971,1185,779,808,821,909,1785,-2855,-1296,-1081,-903,-652,-228,0,233,718,812,734,775,832,975,1685,-2067,-1376,-835,-802,-591,-398,-205,0,205,413,636,682,882,716,779,865,1020,1574,-786,-1470,-1196,-953,-742,-721,-540,-358,-131,0,184,372,559,603,1064,830,925,1569,1545,-1964,-1598,-1329,-1084,-880,-675,-654,-489,-261,-135,0,167,336,512,557,701,1206,1570,1538,1973,-536,-1712,-1440,-1194,-976,-796,-627,-605,-458,-254,-127,0,153,310,473,500,653,825,1046,1320,1481,-500,-411,-251,-1252,-1094,-893,-722,-571,-570,-429,-252,-117,0,140,291,437,459,612,773,972,1188,1418,1718,-431,-385,-1150,-964,-809,-667,-529,-528,-399,-262,-120,0,135,269,405,427,559,703,878,1071,1295,1619,1895,
DiSp,Z,-933,-889,-995,-1107,-1020,-986,-982,-1008,-1039,-592,-541,-491,-492,-882,-1057,-738,-711,-677,-652,-686,-684,-699,-718,-632,-418,-389,-373,-396,-624,-618,-522,-433,-401,-394,-398,-410,-406,-411,-413,-424,-433,-457,-272,-261,-259,-276,-388,-89,-246,-227,-209,-192,-180,-180,-179,-131,-183,-184,-186,-186,-191,-233,-138,-138,-212,-190,0,0,0,0,0,0,0,0,0,0,0,0,0,0,0,0,0,0,0,0,60,231,215,199,185,174,162,151,152,127,127,132,153,155,157,159,169,180,198,220,221,113,101,68,374,366,339,316,296,285,286,252,235,240,281,291,291,291,317,339,369,397,424,465,146,142,516,484,461,438,411,396,399,394,362,389,405,404,405,407,435,462,500,538,581,657,702,
DiSp,P,1.07
DiSp,V,3.57
DiSp,A,nan,nan,1751,nan,nan,1860,nan,nan,nan,nan,nan,2103,nan,2340,2155,2083,2080,2121,2198,nan,1159,1046,1046,1852,nan,2971,nan,nan,nan,2074,1993,nan,1908,1839,nan,1933,1928,1969,nan,2025,nan,1801,nan,1219,1090,1050,1110,1653,nan,nan,2774,2677,nan,2156,1869,1829,1695,1665,1682,1734,1719,1737,1749,1793,1838,1917,nan,1126,1105,1099,1183,1649,745,nan,nan,2405,2120,1956,1777,1624,1524,1523,1514,1113,1554,1556,1572,1577,1626,nan,1927,nan,nan,1167,1810,1630,nan,nan,2236,2023,1867,1729,1590,1487,1382,1380,1106,1142,1392,1419,1422,1444,1469,1565,nan,nan,nan,1937,2220,nan,525,nan,1980,1826,1674,1557,1448,1366,1279,1291,1074,1078,1121,1301,1313,1335,1361,1453,1631,1644,1915,1860,nan,nan,468,416,296,1606,1547,1434,1345,1262,1206,1211,1067,996,1018,1191,1230,1233,1242,1335,1446,1553,1678,1805,1990,nan,409,403,nan,1470,1375,1306,1220,1159,1116,1125,1111,1021,1096,1141,1138,1142,1158,1227,1313,1382,1508,1638,1763,1990,
DiSp,X,945,1470,2103,2340,2155,2083,2167,2032,1922,819,652,564,844,1354,1640,1742,1908,1839,1933,1928,1969,2025,1725,963,770,654,599,753,1497,1668,1704,1634,1752,1695,1665,1682,1734,1719,1737,1749,1793,1914,1836,890,781,685,638,752,277,1499,1499,1546,1553,1556,1524,1523,1514,1113,1554,1556,1572,1577,1694,1685,727,976,743,1206,1261,1320,1367,1390,1424,1382,1380,1106,1142,1392,1419,1422,1444,1530,1499,1207,1198,195,1068,1138,1183,1231,1266,1308,1279,1291,1074,1078,1121,1301,1313,1335,1417,1392,1426,1300,1354,1159,174,189,159,1001,1093,1133,1176,1209,1206,1211,1067,996,1018,1191,1230,1233,1293,1279,1264,1228,1186,1125,1074,152,183,916,972,1032,1066,1110,1116,1125,1111,1021,1096,1141,1138,1142,1206,1175,1148,1092,1066,1021,951,907,
DiSp,I,10,22,39,45,47,49,52,54,57,0,67,71,0,6,22,25,28,29,39,43,45,49,0,60,63,67,0,74,10,15,21,25,27,28,29,33,38,43,44,47,48,52,54,0,0,67,71,0,3,14,18,20,25,26,28,29,33,37,43,44,46,48,51,57,67,0,74,9,13,17,19,24,26,28,29,32,36,43,44,46,48,51,53,66,70,2,8,12,17,19,24,26,28,29,31,35,42,44,46,48,51,53,56,59,62,65,2,5,7,11,17,19,24,26,28,29,31,35,41,44,46,48,50,53,55,59,61,65,69,2,4,11,16,19,23,26,28,29,30,34,40,44,46,48,50,53,55,58,61,64,68,72,
DiSp,Y,-1531,-1159,-248,276,510,739,774,967,1186,819,827,914,1774,-2846,-1292,-1075,-903,-652,-228,0,233,718,821,759,770,830,970,1583,-2425,-2116,-1344,-1008,-834,-802,-591,-398,-205,0,205,413,636,684,874,701,781,869,1034,1579,-776,-1901,-1499,-1219,-959,-740,-721,-540,-358,-131,0,184,372,559,605,1040,922,1582,1561,-1955,-1599,-1320,-1077,-858,-678,-654,-489,-261,-135,0,167,336,512,547,713,1531,1941,-546,-1731,-1443,-1183,-970,-781,-622,-605,-458,-254,-127,0,153,310,473,506,662,880,1024,1354,1470,-487,-398,-258,-1270,-1093,-893,-725,-575,-570,-429,-252,-117,0,140,291,437,462,608,780,968,1186,1427,1740,-426,-386,-1162,-972,-814,-658,-528,-528,-399,-262,-120,0,135,269,405,431,559,708,861,1066,1295,1541,1906,
DiSp,Z,-828,-880,-995,-1107,-1020,-986,-984,-1004,-1040,-548,-495,-495,-876,-1054,-736,-707,-677,-652,-686,-684,-699,-718,-639,-432,-386,-372,-394,-586,-656,-633,-510,-442,-432,-401,-394,-398,-410,-406,-411,-413,-424,-435,-453,-266,-261,-260,-280,-390,-88,-284,-250,-231,-210,-192,-180,-180,-179,-131,-183,-184,-186,-186,-192,-228,-138,-214,-192,0,0,0,0,0,0,0,0,0,0,0,0,0,0,0,0,0,0,62,234,216,198,184,171,161,151,152,127,127,132,153,155,157,161,171,193,194,226,220,110,98,70,380,366,339,318,298,285,286,252,235,240,281,291,291,293,315,342,367,397,427,471,145,143,521,488,463,433,411,396,399,394,362,389,405,404,405,411,435,466,490,535,581,625,706,
DiSp,P,1.04
DiSp,V,3.58
DiSp,A,nan,nan,nan,nan,nan,nan,1856,nan,nan,nan,nan,2155,2211,nan,2105,2075,2080,2121,2198,nan,1159,1046,1046,1852,nan,2993,nan,nan,nan,2094,nan,nan,1831,1879,1911,1887,1900,1860,1870,1974,nan,1801,nan,1219,1090,1050,1110,1653,nan,nan,nan,2620,nan,2183,nan,1829,1698,1689,1708,1744,1758,1719,1711,1772,1838,1917,nan,1126,1105,1099,1183,1649,725,nan,nan,2306,2090,1936,1766,1652,1544,1509,1530,1115,1537,1589,1578,1613,1626,nan,1927,nan,nan,1167,1810,1630,nan,nan,2216,2030,1858,1751,1605,1493,1420,1401,1106,1140,1395,1434,1430,1429,1469,1565,nan,nan,nan,1937,2220,nan,533,nan,1987,1809,1684,1584,1470,1368,1287,1297,1091,1083,1120,1307,1319,1314,1361,1453,1631,1644,1915,1860,nan,nan,471,417,nan,1625,1546,1434,1328,1260,1196,1190,1078,999,1014,nan,1225,1232,1242,1335,1446,1553,1678,1805,1990,nan,413,398,nan,1421,1382,1294,1224,1163,1113,1121,1103,1021,1093,1136,1133,1154,1158,1227,1313,1382,1508,1638,1763,1990,
DiSp,X,1623,2155,2211,2105,2075,2167,2032,1922,819,652,564,844,1364,1655,1831,1879,1911,1887,1900,1860,1870,1974,1725,963,770,654,599,753,1633,1726,1752,1698,1689,1708,1744,1758,1719,1711,1772,1914,1836,890,781,685,638,752,269,1437,1477,1530,1544,1582,1544,1509,1530,1115,1537,1589,1578,1613,1694,1685,727,976,743,1196,1265,1313,1384,1403,1430,1420,1401,1106,1140,1395,1434,1430,1429,1530,1499,1207,1198,198,1072,1127,1190,1252,1285,1310,1287,1297,1091,1083,1120,1307,1319,1314,1417,1392,1426,1300,1354,1159,175,190,1013,1093,1133,1161,1207,1196,1190,1078,999,1014,1225,1232,1293,1279,1264,1228,1186,1125,1074,153,181,885,977,1023,1070,1114,1113,1121,1103,1021,1093,1136,1133,1154,1206,1175,1148,1092,1066,1021,951,907,
DiSp,I,0,33,39,44,47,50,52,55,0,65,69,0,6,17,23,24,27,33,39,42,44,47,0,58,61,65,0,72,12,17,21,23,24,27,32,38,42,44,46,50,52,0,0,65,69,0,3,11,15,16,19,20,22,24,27,31,37,41,44,46,49,55,65,0,72,9,11,14,16,18,20,22,24,26,30,37,41,43,45,49,51,64,68,2,8,11,14,16,18,20,22,24,25,29,36,40,43,45,49,51,54,57,60,63,2,5,11,14,16,18,20,22,24,25,29,35,43,45,48,51,53,57,59,63,67,2,4,10,13,16,18,20,22,24,25,28,34,40,43,45,48,51,53,56,59,62,66,70,
DiSp,Y,-1001,-255,0,498,736,774,967,1186,819,827,914,1774,-2867,-1305,-866,-667,-452,-223,0,220,442,700,821,759,770,830,970,1583,-2071,-1360,-834,-803,-599,-404,-206,0,203,404,629,684,874,701,781,869,1034,1579,-755,-1823,-1477,-1206,-953,-753,-730,-535,-362,-131,0,188,373,572,605,1040,922,1582,1561,-1937,-1605,-1313,-1091,-866,-680,-672,-497,-261,-134,0,169,338,507,547,713,1531,1941,-555,-1737,-1430,-1190,-987,-793,-623,-609,-460,-258,-128,0,154,312,466,506,662,880,1024,1354,1470,-490,-399,-1285,-1093,-893,-716,-574,-566,-422,-255,-118,0,289,437,462,608,780,968,1186,1427,1740,-430,-381,-1123,-977,-806,-660,-530,-526,-397,-261,-120,0,134,268,409,431,559,708,861,1066,1295,1541,1906,
DiSp,Z,-878,-1020,-1046,-996,-982,-984,-1004,-1040,-548,-495,-495,-876,-1062,-743,-650,-667,-678,-669,-674,-660,-663,-700,-639,-432,-386,-372,-394,-586,-620,-516,-432,-401,-399,-404,-412,-416,-406,-404,-419,-435,-453,-266,-261,-260,-280,-390,-85,-272,-247,-229,-208,-195,-182,-178,-181,-131,-181,-188,-186,-190,-192,-228,-138,-214,-192,0,0,0,0,0,0,0,0,0,0,0,0,0,0,0,0,0,0,63,235,214,199,187,173,161,152,153,129,128,132,154,156,155,161,171,193,194,226,220,111,98,384,365,339,314,298,283,281,255,236,240,289,291,293,315,342,367,397,427,471,146,141,504,490,459,434,412,395,397,391,362,388,403,402,409,411,435,466,490,535,581,625,706,
DiSp,P,1.08
DiSp,V,3.57
DiSp,A,nan,nan,nan,nan,nan,nan,1856,nan,nan,nan,nan,nan,nan,2344,2155,2076,2077,2147,2198,1277,1164,1043,1057,1828,nan,2993,nan,nan,nan,2094,nan,nan,1812,1829,nan,1917,1892,nan,1953,2084,nan,1803,nan,1160,1098,1050,1117,1884,nan,nan,nan,2620,nan,2183,nan,1829,1693,1689,1710,1716,1728,1715,1731,1729,1842,1929,nan,1142,1103,1090,1179,1652,725,nan,nan,2306,2090,1936,1766,1652,1526,1520,1539,1102,1563,1559,1577,1575,1615,1831,nan,nan,1053,1167,1783,1626,nan,nan,2216,2030,1858,1751,1605,1493,1390,1394,1111,1138,nan,1425,1424,1445,1497,1584,nan,1948,2101,1948,nan,nan,533,nan,1987,1809,1684,1584,1470,1368,1292,1280,1083,1077,1122,1318,1324,1318,1346,1454,1560,1707,1941,1876,nan,nan,471,417,nan,1625,1546,1434,1328,1260,1183,1193,1066,1002,1022,1205,1221,1225,1234,1332,1463,1549,1676,1790,nan,nan,413,398,nan,1421,1382,1294,1224,1163,1113,1115,1112,1031,1107,1129,1135,1155,1150,1217,1317,1408,1515,1645,1808,1993,
DiSp,X,1623,2344,2155,2076,2163,2057,1922,1009,823,650,570,833,1364,1655,1812,1829,1917,1892,1953,2084,1727,917,776,654,602,859,1633,1726,1752,1693,1689,1710,1716,1728,1715,1731,1729,1919,1848,903,779,679,636,753,269,1437,1477,1530,1544,1582,1526,1520,1539,1102,1563,1559,1577,1575,1682,1754,744,727,962,741,1196,1265,1313,1384,1403,1430,1390,1394,1111,1138,1425,1424,1445,1559,1517,1540,1485,1214,198,1072,1127,1190,1252,1285,1310,1292,1280,1083,1077,1122,1318,1324,1318,1402,1393,1364,1349,1372,1169,175,190,1013,1093,1133,1161,1207,1183,1193,1066,1002,1022,1205,1221,1225,1285,1276,1279,1224,1185,1115,153,181,885,977,1023,1070,1114,1113,1115,1112,1031,1107,1129,1135,1155,1198,1166,1151,1113,1071,1025,975,908,
DiSp,I,0,39,41,44,48,52,56,59,65,69,0,0,6,17,23,25,34,37,41,44,52,0,65,69,72,75,12,17,21,23,25,29,34,0,39,40,43,48,51,59,64,69,0,0,3,11,15,16,19,20,22,24,29,33,37,38,40,42,47,50,63,69,72,75,9,11,14,16,18,20,22,24,28,32,38,40,42,46,49,58,62,68,2,8,11,14,16,18,20,22,24,27,31,36,38,40,42,45,49,55,57,61,67,2,5,11,14,16,18,20,22,24,27,31,36,38,40,42,45,49,54,57,60,67,2,4,10,13,16,18,20,22,24,26,30,35,38,40,42,45,49,53,57,60,66,70,73,
DiSp,Y,-1001,277,510,737,773,979,1186,796,823,824,924,1751,-2867,-1305,-857,-649,-226,0,462,739,822,723,776,830,976,1805,-2071,-1360,-834,-801,-599,-404,-203,0,202,409,613,685,879,711,779,861,1030,1582,-755,-1823,-1477,-1206,-953,-753,-722,-539,-364,-130,0,184,373,559,601,835,744,922,1559,1557,-1937,-1605,-1313,-1091,-866,-680,-657,-494,-262,-134,168,337,513,557,722,1214,1485,1540,-555,-1737,-1430,-1190,-987,-793,-623,-611,-454,-256,-127,0,155,313,467,501,663,842,1064,1372,1483,-490,-399,-1285,-1093,-893,-716,-574,-560,-423,-252,-118,0,142,288,434,459,607,789,965,1185,1415,-430,-381,-1123,-977,-806,-660,-530,-526,-395,-263,-122,0,133,268,410,428,555,710,877,1071,1300,1581,1909,
DiSp,Z,-878,-1109,-1020,-982,-983,-1016,-1040,-604,-551,-493,-500,-865,-1062,-743,-643,-649,-680,-671,-693,-739,-640,-411,-389,-372,-396,-668,-620,-516,-432,-400,-399,-404,-406,-408,-405,-409,-409,-435,-456,-270,-261,-257,-279,-391,-85,-272,-247,-229,-208,-195,-180,-179,-182,-130,-184,-184,-186,-186,-191,-216,-124,-138,-211,-192,0,0,0,0,0,0,0,0,0,0,0,0,0,0,0,0,0,0,63,235,214,199,187,173,161,152,151,128,127,132,155,156,155,159,172,184,202,229,222,111,98,384,365,339,314,298,280,282,252,237,241,285,288,289,292,315,346,366,396,423,146,141,504,490,459,434,412,395,395,394,366,393,400,402,410,408,432,467,499,537,584,641,707,
DiSp,P,1.05
DiSp,V,3.59
DiSp,A,nan,nan,nan,nan,nan,nan,2009,nan,nan,nan,nan,nan,nan,2357,2146,2079,2090,2131,2195,nan,1157,1042,1039,1844,nan,2982,nan,nan,nan,2094,1882,nan,1819,1872,1890,1891,1934,nan,nan,1968,nan,1811,nan,1155,1086,1058,1112,nan,nan,nan,nan,2603,nan,2174,nan,1836,1706,1695,1675,1727,1739,1720,1723,1744,1786,1905,nan,1150,1110,1092,1161,1647,732,nan,nan,nan,nan,1859,1774,1637,1522,1519,1539,1123,1560,1545,1570,1576,1606,1836,nan,nan,1165,1183,1790,1614,nan,nan,2283,2041,1872,1723,1576,1498,1387,1393,1109,1148,nan,1421,1419,1437,1468,1566,nan,nan,nan,1946,2262,nan,537,nan,1973,1801,1684,1568,1458,1367,1285,1281,1075,1076,1117,1319,1312,1333,1353,1453,1554,1695,1881,1871,nan,nan,475,427,311,1610,1524,1426,1332,1254,1188,1201,1069,1003,1014,1199,1221,1232,1244,1327,1445,1526,1666,1793,1966,nan,412,399,nan,1457,1378,1309,1220,1163,1106,1117,1118,1028,1093,1138,1155,1141,1159,1233,1320,1414,1528,1638,1793,1920,
DiSp,X,1756,2357,2146,2079,2177,2041,1919,818,649,560,840,1359,1655,1645,1819,1872,1890,1891,1934,1968,1735,913,767,659,600,1622,1719,1759,1706,1695,1675,1727,1739,1720,1723,1744,1860,1825,909,784,680,626,751,272,1470,1551,1568,1522,1519,1539,1123,1560,1545,1570,1576,1673,1759,823,737,966,736,1232,1272,1323,1362,1378,1435,1387,1393,1109,1148,1421,1419,1437,1529,1500,1213,1220,199,1064,1122,1190,1239,1274,1309,1285,1281,1075,1076,1117,1319,1312,1333,1409,1392,1358,1340,1330,1166,176,194,167,1003,1077,1127,1164,1201,1188,1201,1069,1003,1014,1199,1221,1232,1296,1271,1263,1206,1178,1117,1061,153,181,908,974,1035,1066,1114,1106,1117,1118,1028,1093,1138,1155,1141,1207,1181,1154,1118,1080,1021,967,875,
DiSp,I,0,38,39,41,43,49,52,0,63,67,70,6,16,18,22,23,27,32,35,41,49,55,58,63,0,11,16,20,22,23,27,32,0,38,39,40,43,48,0,0,63,67,0,3,15,18,19,21,23,27,31,35,37,39,40,42,47,58,62,0,70,9,11,12,14,17,19,21,23,26,30,37,39,40,42,46,61,66,2,8,10,12,13,17,19,21,23,25,29,34,37,39,40,42,45,51,54,57,60,2,5,7,10,12,13,17,19,21,23,25,29,34,36,39,40,42,44,51,53,56,60,65,2,4,10,12,13,17,19,21,23,24,28,33,36,39,40,42,44,50,53,56,59,64,68,
DiSp,Y,-1084,278,507,738,778,971,1184,818,824,908,1766,-2857,-1305,-1015,-861,-664,-447,-223,0,698,825,720,767,836,972,-2058,-1355,-837,-807,-601,-396,-204,0,203,407,619,665,868,716,784,863,1015,1578,-762,-1158,-957,-746,-720,-539,-364,-132,0,182,371,559,598,837,823,935,1565,1546,-1996,-1613,-1323,-1074,-850,-683,-656,-494,-262,-135,168,335,510,546,714,1538,1978,-559,-1725,-1424,-1190,-977,-786,-623,-608,-454,-254,-127,0,156,310,473,503,662,838,1056,1330,1479,-494,-409,-271,-1273,-1077,-889,-718,-571,-562,-426,-253,-118,0,141,288,437,463,605,779,951,1178,1417,1719,-429,-382,-1152,-974,-816,-658,-530,-523,-396,-264,-121,0,134,273,405,431,562,712,881,1080,1295,1567,1839,
DiSp,Z,-951,-1115,-1015,-984,-989,-1008,-1039,-547,-493,-491,-872,-1058,-743,-668,-645,-664,-671,-671,-686,-698,-642,-410,-385,-375,-394,-616,-514,-434,-403,-401,-396,-408,-411,-407,-407,-412,-422,-450,-272,-262,-258,-274,-389,-86,-220,-209,-193,-180,-179,-182,-132,-184,-182,-185,-186,-190,-217,-137,-140,-211,-191,0,0,0,0,0,0,0,0,0,0,0,0,0,0,0,0,0,63,233,213,199,185,172,161,152,151,127,127,132,156,155,157,160,171,183,200,222,221,112,101,73,381,360,337,315,296,281,284,253,237,240,283,288,291,294,314,342,361,394,424,465,146,141,517,489,464,433,412,392,396,396,364,388,404,410,405,411,437,468,502,542,581,636,681,
DiSp,P,1.02
DiSp,V,3.57
DiSp,A,nan,1944,nan,nan,nan,nan,nan,nan,nan,nan,nan,nan,nan,2357,2146,2079,2072,2126,2205,nan,1158,1034,1041,1846,nan,2987,nan,nan,nan,2083,nan,nan,1819,1872,1890,1891,1934,nan,nan,1968,nan,1891,nan,1150,1084,1050,1123,1688,nan,nan,nan,nan,nan,2172,nan,1777,1706,1695,1675,1727,1739,1720,1723,1744,1811,1909,1934,1165,1097,1093,1179,1657,719,nan,nan,2357,2084,1943,1769,1622,1522,1519,1539,1123,1560,1545,1570,1576,1630,nan,nan,nan,1166,1172,1777,1617,nan,nan,2222,2028,1854,1746,1616,1490,1387,1393,1109,1148,nan,1421,1419,1437,1493,1572,nan,1912,2098,1944,nan,nan,529,nan,1918,1849,1670,1577,1453,1365,1285,1281,1075,1076,1117,1319,1312,1333,1344,1452,1555,1704,1845,1860,nan,nan,475,420,295,1617,1524,1430,1355,1253,1188,1201,1069,1003,1014,1199,1221,1232,1242,1309,1442,1563,1697,1811,1984,nan,416,402,nan,1483,1367,1306,1237,1150,1106,1117,1118,1028,1093,1138,1155,1141,1155,1222,1314,1375,1515,1616,1796,1911,
DiSp,X,886,2357,2146,2079,2158,2037,1928,818,644,561,841,1362,1647,1819,1872,1890,1891,1934,1968,1811,909,766,654,606,769,1717,1702,1706,1695,1675,1727,1739,1720,1723,1744,1886,1829,1691,921,775,681,636,755,267,1469,1473,1536,1546,1554,1522,1519,1539,1123,1560,1545,1570,1576,1698,824,730,959,737,1199,1264,1310,1380,1413,1427,1387,1393,1109,1148,1421,1419,1437,1555,1506,1511,1483,1211,196,1035,1152,1180,1247,1270,1307,1285,1281,1075,1076,1117,1319,1312,1333,1400,1391,1359,1347,1304,1159,176,191,159,1008,1077,1130,1184,1200,1188,1201,1069,1003,1014,1199,1221,1232,1293,1254,1260,1236,1199,1129,1070,154,183,924,966,1032,1081,1101,1106,1117,1118,1028,1093,1138,1155,1141,1203,1170,1149,1087,1071,1007,969,871,
DiSp,I,0,39,40,42,45,48,50,59,63,67,0,6,17,23,24,28,33,36,42,0,0,59,63,0,70,17,21,23,24,28,33,0,39,40,41,45,48,0,53,58,63,67,0,3,13,15,16,19,20,22,24,28,32,36,38,40,41,44,57,63,0,70,9,12,14,16,18,20,22,24,27,31,38,40,41,44,47,53,56,62,2,8,11,14,16,18,20,22,24,26,30,35,38,40,41,43,47,49,52,55,61,2,5,7,10,14,16,18,20,22,24,26,30,35,37,40,41,43,46,49,52,55,61,65,2,4,10,14,16,18,20,22,24,25,29,34,37,40,41,43,46,49,51,54,60,64,68,
DiSp,Y,-1862,278,507,738,771,969,1190,818,817,910,1768,-2861,-1298,-861,-664,-447,-223,0,698,862,716,766,830,982,1617,-1354,-810,-807,-601,-396,-204,0,203,407,619,674,870,1043,726,775,864,1030,1587,-749,-1863,-1473,-1211,-954,-739,-720,-539,-364,-132,0,182,371,559,606,824,926,1553,1549,-1943,-1603,-1310,-1088,-872,-679,-656,-494,-262,-135,168,335,510,555,716,1191,1483,1537,-551,-1677,-1462,-1180,-983,-784,-622,-608,-454,-254,-127,0,156,310,473,500,662,839,1062,1304,1470,-494,-402,-257,-1278,-1077,-891,-731,-571,-562,-426,-253,-118,0,141,288,437,462,596,778,974,1199,1432,1734,-433,-385,-1172,-966,-814,-667,-524,-523,-396,-264,-121,0,134,273,405,430,557,709,857,1071,1277,1570,1831,
DiSp,Z,-920,-1115,-1015,-984,-980,-1006,-1043,-548,-489,-492,-873,-1060,-739,-645,-664,-671,-671,-686,-698,-671,-408,-384,-372,-398,-599,-514,-420,-403,-401,-396,-408,-411,-407,-407,-412,-428,-451,-457,-275,-259,-258,-279,-392,-85,-278,-246,-229,-209,-191,-180,-179,-182,-132,-184,-182,-185,-186,-192,-137,-138,-210,-191,0,0,0,0,0,0,0,0,0,0,0,0,0,0,0,0,0,0,62,226,218,197,186,171,161,152,151,127,127,132,156,155,157,159,171,184,201,218,220,112,99,69,382,360,338,320,296,281,284,253,237,240,283,288,291,293,309,341,369,401,428,469,147,142,526,485,463,439,408,392,396,396,364,388,404,410,405,410,433,466,488,537,573,637,678,
DiSp,P,1.06
DiSp,V,3.57
DiSp,A,nan,nan,1816,nan,nan,nan,nan,nan,nan,nan,nan,2170,nan,2342,2160,2081,2072,2126,2205,nan,1158,1034,1041,1846,nan,3008,nan,nan,nan,2114,2044,nan,nan,1843,nan,1899,1921,nan,nan,2062,nan,1891,nan,1150,1084,1050,1123,1688,nan,nan,nan,nan,nan,2169,nan,1810,1663,1684,1662,1702,1687,1715,1732,1785,1811,1909,1934,1165,1097,1093,1179,1657,721,nan,nan,nan,2088,1949,1794,1601,1530,1532,1533,1113,1555,1563,1545,1594,1630,nan,nan,nan,1166,1172,1777,1617,nan,nan,2263,2041,1867,1726,1612,1508,1395,1380,1107,1144,1406,1413,1435,1435,1493,1572,nan,1912,2098,1944,nan,nan,533,nan,2006,1807,1684,1566,1474,1357,1279,1299,1075,1073,1115,1307,1316,1338,1344,1452,1555,1704,1845,1860,nan,nan,470,420,301,1609,1533,1433,1343,1272,1192,1197,1067,991,1023,1193,1219,1221,1242,1309,1442,1563,1697,1811,1984,nan,407,401,nan,1487,1367,1314,1228,1160,1110,1111,1120,1017,1091,1138,1134,1146,1155,1222,1314,1375,1515,1616,1796,1911,
DiSp,X,980,2170,2342,2160,2081,2158,2037,1928,818,644,561,841,1371,1671,1787,1843,1899,1921,2062,1811,909,766,654,606,769,1715,1734,1663,1684,1662,1702,1687,1715,1732,1785,1886,1829,1691,921,775,681,636,755,268,1476,1541,1568,1533,1530,1532,1533,1113,1555,1563,1545,1594,1698,824,730,959,737,1221,1272,1320,1364,1409,1444,1395,1380,1107,1144,1406,1413,1435,1435,1555,1506,1511,1483,1211,198,1082,1126,1190,1238,1288,1300,1279,1299,1075,1073,1115,1307,1316,1338,1400,1391,1359,1347,1304,1159,175,191,162,1003,1083,1133,1174,1218,1192,1197,1067,991,1023,1193,1219,1221,1293,1254,1260,1236,1199,1129,1070,151,182,927,966,1039,1073,1111,1110,1111,1120,1017,1091,1138,1134,1146,1203,1170,1149,1087,1071,1007,969,871,
DiSp,I,10,37,43,45,48,51,54,56,65,69,73,0,6,17,19,27,37,41,48,0,0,65,69,0,76,17,24,25,27,32,37,41,43,45,47,51,54,0,59,64,69,73,0,3,14,16,19,23,25,27,31,36,41,42,44,47,50,63,69,0,76,9,12,13,15,18,22,25,27,30,35,41,42,44,47,50,53,59,62,68,2,8,11,13,15,18,21,25,26,29,34,40,42,44,47,49,53,55,58,61,67,2,5,7,11,13,15,18,21,25,26,29,34,39,42,44,46,49,52,55,58,61,67,71,2,4,11,13,15,18,20,25,26,28,33,38,42,44,46,49,52,55,57,60,66,70,74,
DiSp,Y,-1588,-256,277,511,738,771,969,1190,818,817,910,1768,-2882,-1317,-1103,-654,-224,0,732,862,716,766,830,982,1617,-1352,-825,-787,-597,-393,-201,0,202,409,633,674,870,1043,726,775,864,1030,1587,-751,-1476,-1215,-968,-730,-724,-543,-362,-131,0,184,365,565,606,824,926,1553,1549,-1978,-1613,-1320,-1076,-870,-687,-660,-489,-262,-135,0,167,339,509,555,716,1191,1483,1537,-555,-1754,-1428,-1190,-976,-795,-618,-605,-461,-254,-126,0,154,311,475,500,662,839,1062,1304,1470,-489,-402,-263,-1272,-1083,-893,-724,-580,-564,-424,-252,-117,0,141,288,433,462,596,778,974,1199,1432,1734,-424,-384,-1175,-966,-819,-662,-529,-525,-394,-265,-120,0,134,268,406,430,557,709,857,1071,1277,1570,1831,
DiSp,Z,-859,-1027,-1108,-1022,-985,-980,-1006,-1043,-548,-489,-492,-873,-1067,-750,-725,-654,-674,-682,-732,-671,-408,-384,-372,-398,-599,-513,-428,-393,-398,-393,-402,-399,-405,-409,-422,-428,-451,-457,-275,-259,-258,-279,-392,-85,-247,-230,-212,-189,-181,-181,-181,-131,-184,-184,-182,-188,-192,-137,-138,-210,-191,0,0,0,0,0,0,0,0,0,0,0,0,0,0,0,0,0,0,0,63,237,213,199,185,174,160,151,153,127,126,131,154,155,158,159,171,184,201,218,220,111,99,71,380,362,339,317,301,282,283,252,234,242,282,288,288,293,309,341,369,401,428,469,144,142,527,485,466,435,411,394,394,397,361,387,404,402,406,410,433,466,488,537,573,637,678,
DiSp,P,1.06
DiSp,V,3.58
DiSp,A,nan,nan,1816,nan,nan,nan,nan,nan,nan,nan,nan,nan,nan,2340,2148,2083,2073,2150,2203,1847,1146,1048,1039,1834,nan,3008,nan,nan,nan,2114,2044,nan,nan,1880,nan,1902,1964,nan,nan,2051,nan,1836,nan,1170,1099,1045,1112,1637,nan,nan,nan,nan,nan,2169,nan,1810,1710,1702,1670,1689,1737,1714,1761,1746,1824,1896,1984,1139,1109,1102,1181,1640,721,nan,nan,nan,2088,1949,1794,1601,1516,1523,1532,1103,1530,1547,1532,1593,1630,nan,nan,nan,1119,1141,1785,1612,nan,nan,2263,2041,1867,1726,1612,1508,1391,1397,1093,1136,1396,1434,1431,1437,1493,1511,nan,nan,2080,1961,nan,2621,533,nan,2006,1807,1684,1566,1474,1357,1284,1299,1087,1080,1115,1306,1305,1332,1354,1460,1555,1679,1880,1867,2228,2540,470,420,301,1609,1533,1433,1343,1272,1197,1199,1065,998,1019,1186,1226,1217,1234,1339,1434,1528,1681,1805,1969,nan,407,401,nan,1487,1367,1314,1228,1160,1102,1119,1115,1021,1087,1123,1131,1141,1143,1222,1309,1400,1513,1626,1830,1962,
DiSp,X,980,2340,2148,2083,2159,2060,1926,1460,810,653,560,836,1371,1671,1787,1880,1902,1964,2051,1759,925,777,651,600,746,1715,1734,1710,1702,1670,1689,1737,1714,1761,1746,1900,1816,1734,900,784,687,637,747,268,1476,1541,1568,1533,1516,1523,1532,1103,1530,1547,1532,1593,1698,791,711,963,735,1221,1272,1320,1364,1409,1444,1391,1397,1093,1136,1396,1434,1431,1437,1555,1447,1470,1222,1195,198,1082,1126,1190,1238,1288,1300,1284,1299,1087,1080,1115,1306,1305,1332,1410,1398,1359,1327,1329,1163,1202,1158,175,191,162,1003,1083,1133,1174,1218,1197,1199,1065,998,1019,1186,1226,1217,1285,1282,1253,1208,1188,1125,1062,151,182,927,966,1039,1073,1111,1102,1119,1115,1021,1087,1123,1131,1141,1190,1170,1144,1107,1069,1013,987,894,
DiSp,I,10,43,47,50,52,56,58,0,65,70,0,79,6,17,19,27,37,41,50,0,61,65,70,74,79,17,24,26,27,32,37,41,43,47,49,52,56,0,0,65,69,0,78,3,14,16,19,23,25,27,31,36,41,42,46,48,51,65,69,74,78,9,12,13,15,18,22,25,27,30,35,41,42,45,48,51,55,64,68,77,2,8,11,13,15,18,21,25,27,29,34,40,42,45,48,51,54,57,60,63,67,73,76,2,5,7,11,13,15,18,21,25,27,29,34,39,42,45,48,51,53,57,59,62,67,72,2,4,11,13,15,18,20,25,27,28,33,38,42,44,48,51,53,57,59,62,66,71,75,
DiSp,Y,-1588,276,508,739,771,980,1189,1151,810,828,908,1757,-2882,-1317,-1103,-667,-225,0,728,837,729,777,826,972,1568,-1352,-825,-809,-604,-395,-199,0,202,416,619,679,864,1070,710,784,871,1032,1571,-751,-1476,-1215,-968,-730,-717,-540,-362,-130,0,183,362,565,606,791,902,1560,1544,-1978,-1613,-1320,-1076,-870,-687,-658,-495,-258,-134,0,169,338,510,555,689,1470,1550,2511,-555,-1754,-1428,-1190,-976,-795,-618,-607,-461,-257,-127,0,154,308,472,504,665,839,1046,1329,1476,1948,2433,-489,-402,-263,-1272,-1083,-893,-724,-580,-566,-425,-252,-118,0,140,290,432,459,610,773,952,1188,1427,1721,-424,-384,-1175,-966,-819,-662,-529,-521,-397,-263,-120,0,132,267,405,425,557,706,872,1069,1285,1600,1879,
DiSp,Z,-859,-1107,-1016,-986,-981,-1017,-1042,-874,-542,-496,-491,-868,-1067,-750,-725,-667,-675,-697,-728,-651,-415,-390,-371,-394,-581,-513,-428,-404,-402,-395,-399,-411,-405,-416,-413,-431,-448,-469,-269,-262,-260,-279,-388,-85,-247,-230,-212,-189,-179,-180,-181,-130,-181,-183,-181,-188,-192,-132,-135,-211,-190,0,0,0,0,0,0,0,0,0,0,0,0,0,0,0,0,0,0,0,63,237,213,199,185,174,160,151,153,128,127,131,154,154,157,160,172,184,198,222,220,263,300,111,99,71,380,362,339,317,301,283,283,252,236,241,280,290,288,292,316,339,361,397,427,466,144,142,527,485,466,435,411,391,397,395,362,385,398,401,405,405,433,464,497,537,577,649,696,
DiSp,P,1.04
DiSp,V,3.58
DiSp,A,nan,nan,nan,nan,nan,1923,nan,nan,nan,nan,nan,2221,nan,2403,2137,2103,2074,2129,2184,nan,1160,1033,1048,1839,nan,2939,nan,nan,nan,2081,1984,nan,nan,1854,nan,1877,1894,nan,1916,2052,2082,1831,nan,1159,1093,1050,1130,1673,nan,nan,nan,nan,nan,2191,nan,1826,1689,1644,1696,1699,1708,1731,1756,1733,1827,1899,nan,1162,1104,1094,1185,1665,727,nan,nan,nan,2149,1946,1770,1608,1506,1519,1548,1114,1549,1529,1572,1569,1644,1801,nan,nan,1152,1189,1796,1631,nan,nan,2224,2039,1881,1756,1599,1497,1400,1394,1105,1148,1418,1425,1424,1468,1506,1564,nan,nan,2127,1951,nan,nan,529,nan,1957,1797,1682,1565,1468,1369,1283,1288,1069,1066,1121,1306,1298,1328,1354,1441,1576,1712,1861,1880,nan,nan,471,424,287,1629,1518,1437,1341,1263,1186,1183,1083,998,1020,1179,1217,1228,1251,1339,1443,1547,1696,1806,nan,nan,416,410,nan,1502,1381,1292,1227,1171,1115,1118,1113,1035,1097,1142,1136,1141,1146,1221,1305,1407,1505,1643,1757,nan,
DiSp,X,1520,2221,2403,2137,2103,2160,2039,1909,820,643,565,838,1340,1645,1734,1854,1877,1894,1916,2052,2169,1754,916,772,654,609,762,1732,1749,1689,1644,1696,1699,1708,1731,1756,1733,1903,1819,918,780,682,639,759,270,1519,1538,1547,1540,1506,1519,1548,1114,1549,1529,1572,1569,1712,1725,814,741,969,743,1200,1271,1330,1388,1398,1434,1400,1394,1105,1148,1418,1425,1424,1468,1568,1498,1504,1216,196,1056,1120,1189,1237,1283,1311,1283,1288,1069,1066,1121,1306,1298,1328,1410,1380,1378,1353,1315,1172,175,193,154,1015,1073,1136,1172,1210,1186,1183,1083,998,1020,1179,1217,1228,1303,1282,1261,1223,1199,1125,154,186,936,976,1021,1072,1121,1115,1118,1113,1035,1097,1142,1136,1141,1193,1169,1141,1112,1064,1024,948,
DiSp,I,17,36,43,45,49,52,57,59,67,71,0,78,6,17,19,25,36,40,45,49,52,57,62,67,71,74,78,16,22,24,25,30,35,40,43,45,48,51,56,0,66,71,0,77,3,13,15,19,21,23,25,29,34,40,43,44,47,51,55,66,71,74,77,9,11,12,15,18,20,23,25,28,33,40,43,44,47,51,54,65,70,2,8,10,12,15,18,20,23,25,27,32,39,42,44,46,50,53,58,61,64,69,2,5,7,10,12,15,18,20,23,25,26,32,38,42,44,46,50,53,58,60,64,69,2,4,10,12,14,18,20,23,25,26,31,37,41,44,46,50,53,58,60,63,68,72,
DiSp,Y,-1198,-262,284,505,746,772,970,1178,820,816,916,1762,-2816,-1297,-1070,-658,-222,0,453,728,775,835,722,772,830,988,1602,-1365,-832,-799,-583,-401,-201,0,204,415,615,680,866,724,780,865,1036,1595,-757,-1519,-1213,-955,-733,-712,-539,-366,-131,0,180,372,557,612,821,814,940,1570,1562,-1944,-1612,-1330,-1094,-863,-682,-662,-494,-261,-135,0,168,337,521,560,713,1504,1542,-551,-1711,-1421,-1189,-975,-792,-624,-607,-457,-253,-126,0,154,307,471,504,657,850,1067,1315,1486,-490,-406,-250,-1288,-1073,-895,-723,-576,-561,-420,-256,-118,0,139,288,435,465,610,778,964,1199,1428,-433,-392,-1187,-976,-805,-662,-534,-527,-396,-263,-122,0,135,268,405,426,556,704,877,1064,1299,1536,
DiSp,Z,-910,-1051,-1137,-1011,-995,-981,-1007,-1033,-549,-488,-496,-870,-1043,-738,-704,-658,-666,-672,-680,-728,-739,-650,-411,-388,-372,-401,-593,-518,-432,-399,-389,-401,-402,-404,-409,-415,-410,-432,-449,-275,-261,-258,-280,-394,-86,-254,-230,-209,-190,-178,-179,-183,-131,-183,-180,-186,-185,-194,-213,-136,-140,-212,-193,0,0,0,0,0,0,0,0,0,0,0,0,0,0,0,0,0,0,62,231,212,199,185,173,162,151,152,126,126,132,154,153,157,160,170,186,202,220,222,111,100,67,385,359,340,317,298,280,280,256,236,241,279,288,290,296,316,341,366,401,427,147,145,533,490,458,435,415,395,396,395,367,389,405,403,405,406,433,463,499,534,583,623,
DiSp,P,1.09
DiSp,V,3.57
DiSp,A,nan,nan,nan,nan,2605,nan,nan,nan,nan,nan,nan,2221,nan,2403,2137,2103,2064,2146,2208,nan,1172,1040,1043,1858,nan,2955,nan,nan,nan,2072,1945,nan,nan,1854,nan,1877,1894,nan,1916,2052,nan,1781,nan,1172,1081,1049,1123,1680,nan,nan,nan,2583,nan,2193,nan,1832,1689,1644,1696,1699,1708,1731,1756,1733,1840,1924,1968,1152,1103,1097,1170,1658,721,nan,nan,nan,2070,1908,1758,1627,1506,1519,1548,1114,1549,1529,1572,1569,1648,nan,1915,nan,1115,1195,1788,1617,nan,nan,2238,2000,1868,1738,1594,1492,1400,1394,1105,1148,1418,1425,1424,1468,1498,1582,nan,nan,nan,1955,2199,nan,513,nan,1988,1812,1671,1574,1465,1374,1283,1288,1069,1066,1121,1306,1298,1328,1356,1457,1588,1673,1902,1890,nan,nan,475,426,nan,1602,1540,1430,1345,1265,1186,1183,1083,998,1020,1179,1217,1228,1245,1331,1412,1535,1683,1822,nan,nan,415,398,nan,1416,1365,1307,1225,1163,1115,1118,1113,1035,1097,1142,1136,1141,1138,1212,1316,1409,1513,1655,1805,1933,
DiSp,X,1842,2221,2403,2137,2103,2150,2056,1930,828,648,562,847,1347,1638,1700,1854,1877,1894,1916,2052,1706,926,764,653,606,766,1610,1734,1755,1689,1644,1696,1699,1708,1731,1756,1733,1916,1843,1720,910,779,683,631,756,268,1463,1508,1537,1558,1506,1519,1548,1114,1549,1529,1572,1569,1716,1674,788,744,965,737,1207,1246,1320,1374,1393,1429,1400,1394,1105,1148,1418,1425,1424,1468,1560,1515,1218,1186,191,1073,1129,1181,1244,1281,1316,1283,1288,1069,1066,1121,1306,1298,1328,1412,1396,1388,1322,1344,1178,176,194,998,1088,1130,1176,1212,1186,1183,1083,998,1020,1179,1217,1228,1297,1275,1234,1213,1190,1135,154,181,882,965,1033,1071,1114,1115,1118,1113,1035,1097,1142,1136,1141,1185,1161,1150,1114,1069,1031,974,881,
DiSp,I,0,34,41,43,47,49,51,54,0,64,69,0,6,16,18,23,34,38,43,47,0,57,60,64,69,72,11,16,20,22,23,28,33,38,41,43,46,49,51,0,0,0,64,68,0,3,14,15,18,19,21,23,27,32,38,41,42,45,48,54,60,64,68,72,9,11,13,15,17,19,21,23,26,31,38,41,42,45,48,50,63,67,2,8,11,13,15,17,19,21,23,25,30,37,40,42,44,48,50,53,56,59,62,2,5,10,13,15,17,19,21,23,24,30,36,40,42,44,48,50,52,55,58,62,2,4,10,12,15,17,19,21,23,24,29,35,39,42,44,48,50,52,55,58,61,65,70,
DiSp,Y,-1842,-262,284,505,746,768,978,1191,828,822,912,1780,-2831,-1291,-1049,-658,-222,0,453,728,812,730,764,829,982,1609,-2042,-1367,-835,-799,-583,-401,-201,0,204,415,615,685,877,1062,718,779,867,1023,1588,-751,-1463,-1189,-948,-742,-712,-539,-366,-131,0,180,372,557,613,1033,788,944,1563,1549,-1957,-1581,-1320,-1083,-860,-680,-662,-494,-261,-135,0,168,337,521,557,721,1545,1922,-534,-1738,-1432,-1181,-981,-790,-626,-607,-457,-253,-126,0,154,307,471,504,664,857,1042,1344,1494,-494,-408,-1266,-1088,-891,-725,-576,-561,-420,-256,-118,0,139,288,435,463,607,762,956,1190,1440,-432,-381,-1119,-965,-814,-661,-530,-527,-396,-263,-122,0,135,268,405,423,552,710,878,1069,1308,1578,1852,
DiSp,Z,-1233,-1051,-1137,-1011,-995,-977,-1015,-1045,-554,-492,-493,-879,-1049,-735,-690,-658,-666,-672,-680,-728,-632,-416,-383,-372,-398,-596,-611,-519,-433,-399,-389,-401,-402,-404,-409,-415,-410,-435,-455,-465,-272,-261,-259,-276,-392,-85,-244,-225,-208,-192,-178,-179,-183,-131,-183,-180,-186,-185,-195,-226,-131,-141,-211,-191,0,0,0,0,0,0,0,0,0,0,0,0,0,0,0,0,0,0,60,235,214,197,186,173,162,151,152,126,126,132,154,153,157,160,172,187,197,225,223,112,100,379,364,338,318,299,280,280,256,236,241,279,288,290,294,315,334,363,398,431,147,141,502,484,464,434,412,395,396,395,367,389,405,403,405,404,430,467,500,537,587,640,686,
DiSp,P,1.04
DiSp,V,3.57
DiSp,A,nan,nan,nan,nan,nan,1918,nan,nan,nan,nan,nan,2215,2375,2285,2136,2073,2064,2146,2208,nan,1172,1040,1043,1858,nan,2998,nan,nan,nan,2095,nan,nan,1878,1848,1882,nan,1889,nan,nan,2046,nan,1781,nan,1172,1081,1049,1123,1680,nan,nan,nan,nan,nan,2200,nan,1821,1663,1670,1649,1701,1714,1702,1720,1763,1840,1924,1968,1152,1103,1097,1170,1658,737,nan,nan,nan,2120,1946,1780,1654,1520,1524,1540,1120,1557,1546,1541,1572,1648,nan,1915,nan,1115,1195,1788,1617,nan,nan,2213,2037,1865,1724,1593,1495,1406,1385,1108,1139,1424,1429,1443,1458,1498,1582,nan,nan,nan,1955,2199,nan,527,nan,1971,1825,1675,1576,1462,1372,1278,1306,1087,1068,1111,1309,1333,1334,1356,1457,1588,1673,1902,1890,nan,nan,468,425,284,1615,1537,1426,1351,1267,1200,1197,1078,1001,1017,1183,1215,1224,1245,1331,1412,1535,1683,1822,nan,nan,413,402,nan,nan,1375,1298,1226,1170,1113,1112,1096,1031,1096,1134,1144,1144,1138,1212,1316,1409,1513,1655,1805,1933,
DiSp,X,1516,2215,2375,2285,2136,2073,2150,2056,1930,828,648,562,847,1367,1656,1878,1848,1882,1889,2046,1706,926,764,653,606,766,1739,1744,1663,1670,1649,1701,1714,1702,1720,1763,1916,1843,1720,910,779,683,631,756,274,1499,1538,1556,1584,1520,1524,1540,1120,1557,1546,1541,1572,1716,1674,788,744,965,737,1194,1269,1318,1363,1393,1432,1406,1385,1108,1139,1424,1429,1443,1458,1560,1515,1218,1186,196,1063,1137,1184,1246,1278,1314,1278,1306,1087,1068,1111,1309,1333,1334,1412,1396,1388,1322,1344,1178,174,193,153,1006,1086,1127,1181,1213,1200,1197,1078,1001,1017,1183,1215,1224,1297,1275,1234,1213,1190,1135,153,183,972,1026,1072,1121,1113,1112,1096,1031,1096,1134,1144,1144,1185,1161,1150,1114,1069,1031,974,881,
DiSp,I,17,34,39,41,43,46,48,50,53,0,63,68,0,6,17,23,25,29,39,46,0,56,59,63,68,71,16,22,23,25,29,34,38,41,43,45,48,50,0,0,0,63,67,0,3,14,15,20,21,23,25,28,33,38,40,42,45,47,53,59,63,67,71,9,11,13,15,19,21,23,25,27,32,38,40,42,45,47,49,62,66,2,8,10,13,15,19,21,23,25,26,31,37,40,42,44,47,49,52,55,58,61,2,5,7,10,13,15,19,21,23,24,26,31,36,40,42,44,47,49,51,54,57,61,2,4,12,15,18,21,23,24,26,30,35,40,42,44,47,49,51,54,57,60,64,69,
DiSp,Y,-1195,-262,0,270,505,735,768,978,1191,828,822,912,1780,-2872,-1306,-888,-656,-445,0,726,812,730,764,829,982,1609,-1371,-830,-787,-592,-390,-201,0,201,407,625,685,877,1062,718,779,867,1023,1588,-767,-1499,-1213,-960,-754,-719,-541,-364,-132,0,182,364,558,613,1033,788,944,1563,1549,-1935,-1610,-1318,-1074,-859,-681,-665,-491,-262,-134,0,169,341,517,557,721,1545,1922,-549,-1723,-1443,-1184,-982,-789,-625,-604,-463,-257,-126,0,154,315,473,504,664,857,1042,1344,1494,-487,-407,-248,-1277,-1086,-889,-729,-577,-568,-424,-255,-118,0,140,287,434,463,607,762,956,1190,1440,-430,-385,-972,-809,-661,-533,-526,-394,-259,-122,0,134,270,406,423,552,710,878,1069,1308,1578,1852,
DiSp,Z,-907,-1048,-1124,-1081,-1011,-981,-977,-1015,-1045,-554,-492,-493,-879,-1064,-743,-666,-656,-668,-670,-726,-632,-416,-383,-372,-398,-596,-520,-431,-393,-395,-390,-402,-405,-402,-407,-417,-435,-455,-465,-272,-261,-259,-276,-392,-87,-250,-230,-210,-195,-179,-180,-182,-132,-184,-182,-182,-186,-195,-226,-131,-141,-211,-191,0,0,0,0,0,0,0,0,0,0,0,0,0,0,0,0,0,0,62,233,215,198,186,173,162,151,154,128,126,131,154,157,157,160,172,187,197,225,223,110,100,67,382,363,337,319,299,284,283,255,236,240,280,287,289,294,315,334,363,398,431,146,142,488,460,435,415,395,394,389,366,389,402,406,406,404,430,467,500,537,587,640,686,
DiSp,P,1.04
DiSp,V,3.58
DiSp,A,nan,nan,nan,nan,nan,1918,nan,nan,nan,nan,nan,2156,nan,2344,2113,2070,2089,2131,2191,nan,1168,1035,1070,1834,nan,2998,nan,nan,nan,2095,nan,nan,1939,1833,nan,1875,1923,nan,nan,2071,nan,1791,nan,1164,1099,1054,1110,nan,nan,nan,nan,nan,nan,2200,nan,1821,1694,1690,1671,1734,1718,1729,1713,1747,1825,1895,1929,1144,1106,1099,1173,1647,737,nan,nan,nan,2120,1946,1780,1654,1519,1525,1587,1115,1577,1559,1565,1579,1665,nan,nan,nan,nan,1168,1782,1636,nan,nan,2213,2037,1865,1724,1593,1495,1422,1399,1109,1143,1369,1419,1443,1448,1489,1560,nan,nan,2182,1941,nan,nan,527,nan,1971,1825,1675,1576,1462,1372,1276,1300,1093,1072,1118,1298,1321,1332,1366,1440,1517,1681,1915,1871,2277,nan,468,425,284,1615,1537,1426,1351,1267,1187,1206,1086,999,1016,1187,1232,1227,1235,1327,1400,1547,1667,1795,1995,nan,413,402,nan,nan,1375,1298,1226,1170,1115,1120,1107,1027,1110,1140,1141,1151,1144,1232,1309,1395,1540,1632,1791,1993,
DiSp,X,1516,2156,2344,2113,2070,2176,2041,1915,825,645,577,836,1367,1656,1939,1833,1875,1923,2071,1716,920,777,657,599,1739,1744,1694,1690,1671,1734,1718,1729,1713,1747,1901,1815,1686,904,782,685,633,751,274,1499,1538,1556,1584,1519,1525,1587,1115,1577,1559,1565,1579,1734,728,961,746,1194,1269,1318,1363,1393,1432,1422,1399,1109,1143,1369,1419,1443,1448,1551,1494,1542,1210,196,1063,1137,1184,1246,1278,1314,1276,1300,1093,1072,1118,1298,1321,1332,1423,1379,1326,1329,1354,1166,1228,174,193,153,1006,1086,1127,1181,1213,1187,1206,1086,999,1016,1187,1232,1227,1286,1271,1224,1223,1178,1119,1076,153,183,972,1026,1072,1121,1115,1120,1107,1027,1110,1140,1141,1151,1191,1180,1144,1103,1088,1017,966,908,
DiSp,I,17,37,43,44,46,50,52,54,61,65,0,71,6,17,25,27,37,42,46,0,57,0,65,68,16,22,25,27,31,36,42,43,44,45,50,52,0,0,61,65,0,0,3,14,15,20,21,25,26,30,35,42,43,44,45,49,65,68,71,9,11,13,15,19,21,24,26,29,34,41,43,44,45,48,51,60,64,2,8,10,13,15,19,21,23,26,28,33,40,43,44,45,48,51,53,56,59,63,67,2,5,7,10,13,15,19,21,23,26,28,33,39,43,44,45,47,51,53,56,59,63,66,2,4,12,15,18,21,23,26,28,32,38,43,44,45,47,51,53,55,58,62,66,69,
DiSp,Y,-1195,-255,277,500,734,777,971,1182,825,818,935,1757,-2872,-1306,-917,-650,-221,0,735,816,725,777,833,970,-1371,-830,-801,-600,-395,-205,0,204,405,620,679,864,1041,713,782,869,1025,1578,-767,-1499,-1213,-960,-754,-719,-541,-375,-131,0,184,370,560,620,923,1558,1567,-1935,-1610,-1318,-1074,-859,-681,-673,-496,-262,-135,0,167,341,514,554,711,1542,1534,-549,-1723,-1443,-1184,-982,-789,-625,-604,-461,-258,-126,0,153,312,472,508,656,818,1047,1354,1479,1991,-487,-407,-248,-1277,-1086,-889,-729,-577,-561,-428,-257,-118,0,140,291,435,459,605,755,964,1178,1419,1744,-430,-385,-972,-809,-661,-533,-527,-397,-262,-121,0,134,270,408,426,561,706,869,1088,1290,1566,1909,
DiSp,Z,-907,-1020,-1109,-1000,-979,-988,-1008,-1037,-552,-489,-506,-868,-1064,-743,-688,-650,-665,-682,-735,-635,-413,-390,-374,-394,-520,-431,-400,-400,-395,-410,-406,-409,-405,-413,-431,-448,-456,-270,-261,-260,-277,-389,-87,-250,-230,-210,-195,-179,-180,-187,-131,-186,-184,-185,-186,-197,-138,-210,-193,0,0,0,0,0,0,0,0,0,0,0,0,0,0,0,0,0,0,62,233,215,198,186,173,162,151,153,129,126,132,153,156,157,161,170,179,198,226,221,269,110,100,67,382,363,337,319,299,280,285,257,236,240,280,291,290,292,314,331,366,394,424,472,146,142,488,460,435,415,395,397,393,364,394,404,405,408,406,437,464,495,546,579,635,707,
DiSp,P,1.01
DiSp,V,3.57
DiSp,A,nan,nan,nan,nan,nan,nan,nan,nan,nan,nan,nan,2249,nan,2358,2159,2082,2094,2117,2187,nan,1149,1041,1051,1831,nan,2995,nan,nan,nan,2098,1978,nan,1878,1819,nan,1906,1926,1887,nan,1979,nan,1801,nan,1178,1094,1042,1129,nan,nan,nan,2859,2614,nan,2164,nan,1788,1727,1706,1685,1712,1732,1730,1716,1754,1847,1870,1931,1145,1107,1093,1176,1641,757,nan,nan,nan,2093,1959,1772,1666,1514,1519,1560,1120,1573,1565,1576,1575,1626,nan,1891,nan,1161,1164,1806,1612,nan,nan,2181,2025,1865,1718,1592,1491,1390,1395,1103,1143,1400,1420,1452,1454,1465,1570,nan,1902,2075,1943,2198,2659,530,nan,1949,1793,1686,1565,1456,1377,1281,1289,1073,1077,1107,1316,1316,1331,1354,1457,1560,1677,1899,1893,2292,nan,471,426,nan,1619,1530,1426,1350,1265,1194,1191,1054,1001,1025,1202,1232,1235,1239,1341,1446,1567,1688,1806,1931,nan,413,400,nan,nan,1371,1305,1226,1158,1112,1117,1117,1034,1092,1133,1120,1126,1142,1221,1317,1398,1508,1651,1775,1987,
DiSp,X,2249,2358,2159,2082,2181,2028,1912,812,648,567,835,1365,1659,1729,1878,1819,1906,1926,1887,1979,1725,931,773,649,609,1543,1629,1711,1713,1727,1706,1685,1712,1732,1730,1716,1754,1924,1791,1688,905,782,681,634,748,281,1479,1549,1549,1596,1514,1519,1560,1120,1573,1565,1576,1575,1694,1653,820,725,974,735,1177,1262,1318,1358,1392,1428,1390,1395,1103,1143,1400,1420,1452,1454,1526,1504,1504,1467,1211,1186,1212,197,1051,1117,1192,1237,1273,1319,1281,1289,1073,1077,1107,1316,1316,1331,1410,1396,1364,1326,1342,1180,1237,175,194,1009,1081,1127,1180,1212,1194,1191,1054,1001,1025,1202,1232,1235,1290,1284,1264,1239,1193,1125,1042,153,182,969,1031,1072,1109,1112,1117,1117,1034,1092,1133,1120,1126,1189,1169,1151,1105,1066,1029,958,906,
DiSp,I,34,41,44,47,49,52,54,62,67,74,78,5,14,17,22,24,34,39,41,47,0,0,62,67,74,7,9,14,20,22,24,29,34,39,40,44,46,49,52,0,58,62,67,73,78,2,11,13,17,19,21,23,28,33,39,40,44,46,48,54,62,67,72,77,7,9,10,12,16,18,21,23,27,32,38,40,44,46,48,51,58,61,66,71,77,2,7,8,10,12,16,18,21,23,26,31,37,40,43,46,48,50,53,57,60,65,70,2,4,8,10,12,16,18,21,23,26,31,36,40,43,46,48,50,53,56,59,64,69,2,3,10,12,15,18,21,23,25,30,35,40,42,45,48,50,53,55,59,63,68,75,
DiSp,Y,-266,279,511,739,779,965,1180,812,823,919,1754,-2869,-1307,-1067,-888,-645,-225,0,223,702,821,734,773,824,987,-2500,-2067,-1349,-815,-817,-605,-398,-202,0,204,406,622,687,852,1042,713,782,864,1028,1572,-788,-1479,-1221,-956,-759,-716,-539,-369,-132,0,185,373,559,605,1020,820,920,1579,1544,-1907,-1601,-1318,-1071,-859,-679,-657,-495,-261,-135,0,168,343,516,545,716,1185,1467,1536,1922,2547,-552,-1704,-1417,-1192,-975,-785,-627,-606,-457,-253,-127,0,155,311,472,504,664,842,1045,1342,1496,2004,-490,-408,-1280,-1081,-889,-728,-576,-565,-422,-249,-118,0,142,291,438,461,611,780,976,1193,1428,1688,-430,-383,-969,-813,-661,-528,-526,-396,-264,-122,0,134,265,399,425,556,710,871,1066,1305,1552,1903,
DiSp,Z,-1064,-1116,-1022,-985,-991,-1002,-1035,-543,-492,-497,-866,-1063,-744,-702,-666,-645,-676,-683,-669,-702,-639,-418,-388,-369,-400,-676,-618,-512,-423,-408,-403,-398,-405,-409,-409,-406,-415,-437,-442,-457,-271,-262,-258,-278,-388,-89,-247,-231,-209,-197,-179,-179,-184,-132,-186,-185,-186,-186,-192,-223,-137,-137,-213,-190,0,0,0,0,0,0,0,0,0,0,0,0,0,0,0,0,0,0,0,0,0,62,230,212,199,185,172,162,151,152,126,127,131,155,155,157,160,172,184,198,224,224,271,111,100,383,362,337,319,299,282,281,249,236,242,284,291,292,293,317,342,370,399,427,457,146,142,486,463,435,411,394,396,396,367,387,402,397,399,405,433,467,496,535,586,630,705,
DiSp,P,1.03
DiSp,V,3.58
DiSp,A,nan,nan,nan,nan,nan,nan,nan,nan,nan,nan,nan,2249,nan,2358,2159,2082,2096,2148,2192,nan,1152,1040,1048,1840,nan,3005,nan,nan,nan,2077,1971,nan,1878,1819,nan,1906,1926,1887,nan,1979,nan,1813,nan,1200,1093,1057,1126,2019,nan,nan,nan,nan,nan,2180,nan,1805,1727,1706,1685,1712,1732,1730,1716,1754,1856,1892,nan,1140,1109,1097,1186,1654,746,nan,nan,nan,2089,1930,1769,1654,1514,1519,1560,1120,1573,1565,1576,1575,1613,1722,nan,nan,1137,1149,1779,1627,nan,nan,2245,2043,1855,1734,1612,1485,1390,1395,1103,1143,1400,1420,1452,1454,1517,1576,nan,nan,nan,1941,2230,nan,524,nan,1975,1865,1670,1562,1458,1362,1281,1289,1073,1077,1107,1316,1316,1331,1353,1464,1576,1680,1902,1875,2232,nan,476,432,301,1612,1551,1432,1338,1263,1194,1191,1054,1001,1025,1202,1232,1235,1249,1338,1418,1541,1653,1782,1878,nan,416,401,nan,1505,1370,1295,1229,1156,1112,1117,1117,1034,1092,1133,1120,1126,1155,1221,1304,1383,1486,1620,1746,1916,
DiSp,X,2249,2358,2159,2082,2183,2058,1916,814,648,565,839,1370,1642,1723,1878,1819,1906,1926,1887,1979,1737,948,772,658,607,920,1723,1729,1727,1706,1685,1712,1732,1730,1716,1754,1933,1812,901,784,683,640,754,277,1477,1526,1546,1584,1514,1519,1560,1120,1573,1565,1576,1575,1680,1649,803,716,960,742,1211,1273,1311,1371,1409,1422,1390,1395,1103,1143,1400,1420,1452,1454,1580,1510,1210,1203,195,1065,1162,1180,1235,1274,1305,1281,1289,1073,1077,1107,1316,1316,1331,1409,1402,1378,1328,1344,1168,1204,177,197,162,1004,1096,1132,1170,1210,1194,1191,1054,1001,1025,1202,1232,1235,1301,1282,1239,1218,1168,1110,1013,154,182,938,968,1024,1074,1107,1112,1117,1117,1034,1092,1133,1120,1126,1203,1169,1140,1093,1050,1009,942,873,
DiSp,I,35,42,45,48,52,55,58,0,70,76,0,6,17,19,23,25,35,40,42,48,55,62,65,70,76,79,17,21,23,25,30,35,40,41,45,47,52,54,0,0,70,76,0,3,15,16,19,20,22,24,29,34,40,41,45,47,51,53,65,70,75,79,9,12,14,16,18,20,22,24,28,33,39,41,45,47,50,53,69,74,2,8,12,14,16,18,20,22,24,27,32,38,41,44,47,49,53,57,61,64,68,73,2,5,7,11,14,16,18,20,22,24,27,32,37,41,44,47,49,53,56,60,63,67,72,2,4,10,13,16,18,20,22,24,26,31,36,41,43,46,49,53,56,59,63,66,71,77,
DiSp,Y,-266,279,511,739,780,979,1183,814,822,916,1762,-2879,-1294,-1063,-888,-645,-225,0,223,702,826,748,772,835,984,1934,-1359,-823,-817,-605,-398,-202,0,204,406,622,691,862,710,784,867,1037,1584,-777,-1477,-1203,-954,-754,-716,-539,-369,-132,0,185,373,559,600,785,803,908,1555,1558,-1963,-1615,-1311,-1081,-870,-677,-657,-495,-261,-135,0,168,343,516,564,718,1534,1950,-545,-1727,-1474,-1180,-973,-786,-621,-606,-457,-253,-127,0,155,311,472,503,667,850,1047,1344,1482,1951,-495,-413,-263,-1274,-1096,-892,-722,-576,-565,-422,-249,-118,0,142,291,438,465,610,765,960,1168,1409,1642,-433,-384,-1190,-968,-807,-663,-527,-526,-396,-264,-122,0,134,265,399,430,556,703,862,1050,1281,1526,1835,
DiSp,Z,-1064,-1116,-1022,-985,-992,-1016,-1037,-545,-492,-496,-871,-1066,-737,-699,-666,-645,-676,-683,-669,-702,-643,-426,-388,-375,-399,-716,-515,-427,-408,-403,-398,-405,-409,-409,-406,-415,-439,-447,-269,-262,-259,-280,-391,-88,-247,-228,-209,-195,-179,-179,-184,-132,-186,-185,-186,-186,-190,-203,-134,-135,-210,-192,0,0,0,0,0,0,0,0,0,0,0,0,0,0,0,0,0,0,62,233,220,197,184,172,161,151,152,126,127,131,155,155,157,160,173,186,198,225,221,264,112,102,71,381,367,338,316,298,282,281,249,236,242,284,291,292,295,316,335,364,391,421,444,147,142,534,486,459,436,410,394,396,396,367,387,402,397,399,410,433,462,491,527,575,619,680,
DiSp,P,1.04
DiSp,V,3.57
DiSp,A,nan,nan,nan,nan,nan,nan,nan,nan,nan,nan,nan,2231,nan,2348,2142,2105,2096,2148,2192,nan,1152,1040,1048,1840,nan,2954,nan,nan,nan,2077,nan,nan,1926,1864,nan,1899,1911,nan,nan,2017,nan,1813,nan,1200,1093,1057,1126,2019,731,nan,2880,nan,nan,2163,1954,1801,1688,1675,1679,1703,1678,1732,1760,1751,1856,1892,nan,1140,1109,1097,1186,1654,722,nan,nan,nan,2131,1952,1760,1626,1526,1515,1539,1111,1552,1540,1559,1598,1613,1722,nan,nan,1137,1149,1779,1627,nan,nan,2269,2027,1880,1736,1602,1496,1390,1412,1107,1141,1383,1433,1404,1455,1517,1576,nan,nan,nan,1941,2230,nan,546,nan,1954,1820,1692,1582,1457,1352,1296,1283,1082,1074,1115,1314,1330,1325,1353,1464,1576,1680,1902,1875,2232,nan,476,426,nan,1588,1543,1429,1322,1257,1200,1205,1068,996,1023,1184,1229,1234,1249,1338,1418,1541,1653,1782,1878,nan,413,405,nan,1418,1381,1291,1225,1168,1120,1118,1113,1017,1097,1137,1150,1144,1155,1221,1304,1383,1486,1620,1746,1916,
DiSp,X,2231,2348,2142,2105,2183,2058,1916,814,648,565,839,1347,1642,1926,1864,1899,1911,2017,1737,948,772,658,607,920,272,1554,1710,1708,1725,1688,1675,1679,1703,1678,1732,1760,1751,1933,1812,901,784,683,640,754,268,1506,1543,1539,1557,1526,1515,1539,1111,1552,1540,1559,1598,1680,1649,803,716,960,742,1224,1263,1329,1372,1400,1433,1390,1412,1107,1141,1383,1433,1404,1455,1580,1510,1210,1203,203,1054,1134,1196,1251,1274,1295,1296,1283,1082,1074,1115,1314,1330,1325,1409,1402,1378,1328,1344,1168,1204,177,194,989,1091,1130,1156,1204,1200,1205,1068,996,1023,1184,1229,1234,1301,1282,1239,1218,1168,1110,1013,153,184,884,976,1020,1071,1119,1120,1118,1113,1017,1097,1137,1150,1144,1203,1169,1140,1093,1050,1009,942,873,
DiSp,I,33,40,43,45,49,52,55,0,67,73,0,6,16,21,23,33,38,45,52,59,62,67,73,76,0,9,16,18,20,21,23,28,33,38,40,43,44,49,51,0,0,67,73,0,3,14,15,17,19,21,23,27,32,38,40,42,44,48,50,62,67,72,76,9,11,13,15,17,19,21,23,26,31,37,40,42,44,47,50,66,71,2,8,11,13,15,17,19,21,22,25,30,36,40,42,44,46,50,54,58,61,65,70,2,5,10,13,15,17,19,21,22,25,30,35,40,41,44,46,50,53,57,60,64,69,2,4,10,12,15,17,19,21,22,24,29,34,39,41,44,46,50,53,56,60,63,68,74,
DiSp,Y,-264,277,506,747,780,979,1183,814,822,916,1762,-2830,-1294,-911,-661,-224,0,716,826,748,772,835,984,1934,-761,-2518,-1348,-1054,-821,-799,-594,-397,-201,0,204,416,621,691,862,710,784,867,1037,1584,-752,-1506,-1216,-949,-741,-722,-537,-364,-131,0,182,368,567,600,785,803,908,1555,1558,-1984,-1602,-1329,-1082,-864,-682,-657,-501,-262,-135,0,169,332,516,564,718,1534,1950,-568,-1708,-1439,-1196,-986,-786,-616,-613,-455,-256,-127,0,155,314,470,503,667,850,1047,1344,1482,1951,-495,-408,-1255,-1091,-890,-713,-573,-568,-427,-252,-117,0,140,290,438,465,610,765,960,1168,1409,1642,-430,-388,-1121,-976,-804,-661,-532,-530,-396,-263,-120,0,134,272,406,430,556,703,862,1050,1281,1526,1835,
DiSp,Z,-1056,-1111,-1013,-996,-992,-1016,-1037,-545,-492,-496,-871,-1048,-737,-683,-661,-674,-678,-716,-643,-426,-388,-375,-399,-716,-173,-681,-511,-462,-426,-399,-396,-397,-403,-397,-409,-416,-414,-439,-447,-269,-262,-259,-280,-391,-85,-252,-231,-208,-192,-180,-179,-182,-131,-183,-182,-184,-189,-190,-203,-134,-135,-210,-192,0,0,0,0,0,0,0,0,0,0,0,0,0,0,0,0,0,0,64,231,215,200,187,172,160,153,151,128,127,131,155,157,156,160,173,186,198,225,221,264,112,100,375,365,338,312,297,284,285,252,235,242,280,290,292,295,316,335,364,391,421,444,146,143,503,490,458,434,414,397,396,395,361,389,403,408,406,410,433,462,491,527,575,619,680,
DiSp,P,1.06
DiSp,V,3.59
DiSp,A,nan,nan,nan,nan,nan,nan,nan,nan,nan,nan,nan,nan,nan,2395,2106,2066,2086,2141,2202,nan,1145,1041,1065,1848,nan,2954,nan,nan,nan,2077,nan,nan,1923,1835,nan,1892,1903,nan,2117,2044,nan,1813,nan,1155,1094,1051,1135,1652,731,nan,2880,nan,nan,2163,1954,1801,1692,1681,1674,1660,1699,1701,1778,1716,1792,1923,1957,1152,1104,1095,1180,1646,722,nan,nan,nan,2131,1952,1760,1626,1507,1524,1483,1525,1562,1570,1534,1585,1598,1732,1914,nan,nan,1151,1800,1616,nan,nan,2269,2027,1880,1736,1602,1496,1407,1381,1102,1155,nan,1421,1423,1448,1467,1575,nan,nan,nan,1936,nan,2774,546,nan,1954,1820,1692,1582,1457,1352,1285,1284,1096,1077,1115,1317,1330,1318,1318,1446,1523,1692,1845,1887,nan,nan,476,426,nan,1588,1543,1429,1322,1257,1205,1195,1067,994,1018,1180,1218,1225,1261,1333,1436,1513,1662,1830,nan,nan,413,405,nan,1418,1381,1291,1225,1168,1101,1114,1106,1022,1094,1133,1128,1143,1165,1218,1302,1388,1517,1626,1806,1968,
DiSp,X,2395,2106,2066,2173,2051,1925,809,648,574,842,1347,1642,1923,1835,1892,1903,2117,2044,1737,913,773,655,612,753,272,1554,1710,1708,1725,1692,1681,1674,1660,1699,1701,1778,1716,1866,1842,1711,910,780,682,636,750,268,1506,1543,1539,1557,1507,1524,1483,1525,1562,1570,1534,1585,1664,1659,1673,717,971,736,1224,1263,1329,1372,1400,1433,1407,1381,1102,1155,1421,1423,1448,1528,1509,1206,1265,203,1054,1134,1196,1251,1274,1295,1285,1284,1096,1077,1115,1317,1330,1318,1373,1385,1331,1338,1304,1176,177,194,989,1091,1130,1156,1204,1205,1195,1067,994,1018,1180,1218,1225,1313,1277,1255,1196,1175,1140,153,184,884,976,1020,1071,1119,1101,1114,1106,1022,1094,1133,1128,1143,1213,1167,1138,1097,1072,1013,974,897,
DiSp,I,40,43,47,52,55,59,0,69,0,77,6,16,23,24,32,35,43,47,55,62,65,69,72,77,0,9,16,18,20,23,24,28,32,0,40,42,46,52,54,0,0,0,69,0,76,3,14,15,17,19,23,24,28,32,35,39,42,45,51,53,59,69,72,76,9,11,13,15,17,19,22,24,27,31,38,41,44,51,53,68,75,2,8,11,13,15,17,19,21,24,26,30,34,38,41,44,50,53,58,61,64,67,2,5,10,13,15,17,19,21,24,26,30,34,37,41,44,49,53,57,60,63,67,2,4,10,12,15,17,19,21,24,25,29,33,36,41,44,48,53,56,60,63,66,70,73,
DiSp,Y,283,498,733,776,976,1188,809,823,931,1770,-2830,-1294,-910,-651,-223,0,501,725,826,720,773,831,992,1582,-761,-2518,-1348,-1054,-821,-800,-596,-396,-196,0,201,420,609,667,877,1056,718,780,865,1031,1577,-752,-1506,-1216,-949,-741,-713,-541,-351,-180,0,185,363,562,595,789,1033,910,1574,1548,-1984,-1602,-1329,-1082,-864,-682,-666,-490,-260,-136,168,336,514,546,718,1530,2657,-568,-1708,-1439,-1196,-986,-786,-616,-608,-455,-259,-127,0,155,314,467,490,659,822,1054,1304,1492,-495,-408,-1255,-1091,-890,-713,-573,-570,-424,-252,-117,0,139,288,434,469,607,775,943,1175,1447,-430,-388,-1121,-976,-804,-661,-532,-521,-395,-261,-120,0,134,266,405,433,555,702,865,1072,1285,1579,1885,
DiSp,Z,-1133,-996,-977,-987,-1013,-1042,-542,-492,-504,-874,-1048,-737,-682,-651,-671,-675,-751,-725,-643,-410,-388,-373,-402,-586,-173,-681,-511,-462,-426,-400,-397,-396,-392,-402,-402,-420,-406,-424,-455,-463,-272,-261,-259,-279,-389,-85,-252,-231,-208,-192,-178,-180,-175,-180,-184,-185,-181,-187,-189,-204,-226,-136,-213,-191,0,0,0,0,0,0,0,0,0,0,0,0,0,0,0,0,0,64,231,215,200,187,172,160,152,151,129,127,131,155,157,155,155,171,180,200,218,223,112,100,375,365,338,312,297,285,282,252,235,240,279,288,289,298,315,339,358,393,433,146,143,503,490,458,434,414,390,395,392,362,388,402,400,405,413,432,462,492,538,577,641,698,
DiSp,P,1.06
DiSp,V,3.58
DiSp,A,nan,nan,nan,nan,nan,1913,1965,nan,nan,nan,nan,2063,nan,2376,2138,2088,2082,2137,2206,nan,1149,1055,1052,1837,nan,2960,nan,nan,nan,2091,nan,nan,1936,1863,nan,1900,1883,nan,nan,2112,1981,1820,1894,1147,1091,1045,1145,1817,nan,nan,2881,2660,nan,2174,nan,1812,1679,1691,1669,1715,1713,1719,1755,1760,1821,1896,nan,1129,1097,1098,1177,1634,748,nan,nan,nan,2093,1925,1741,1629,1509,1531,1539,1101,1550,1544,1567,1577,1652,nan,nan,nan,1159,1175,1802,1626,nan,2522,2205,2019,1873,1751,1579,1479,1383,1386,1107,1141,nan,1450,1411,1454,1513,1520,nan,nan,nan,1951,2240,nan,537,nan,1956,1774,1682,1562,1478,1387,1287,1280,1085,1073,1115,1315,1320,1320,1351,1470,1545,1676,1874,1878,nan,nan,468,422,nan,1613,1512,1427,1334,1256,1194,1207,1067,1000,1013,1185,1225,1225,1250,1332,1434,1546,1670,1795,nan,nan,412,398,305,1439,1375,1307,1211,1165,1109,1107,1103,1034,1092,1134,1147,1145,1147,1224,1311,1392,1524,1633,1785,1974,
DiSp,X,1512,1718,2063,2376,2138,2088,2169,2047,1929,812,657,567,837,1349,1653,1936,1863,1900,1883,2112,2063,1743,1656,907,771,651,618,828,1555,1658,1719,1736,1679,1691,1669,1715,1713,1719,1755,1760,1897,1816,892,775,684,635,745,278,1479,1522,1522,1560,1509,1531,1539,1101,1550,1544,1567,1577,1721,819,732,972,741,1150,1190,1258,1324,1384,1380,1417,1383,1386,1107,1141,1450,1411,1454,1576,1456,1216,1209,199,1055,1105,1189,1235,1292,1328,1287,1280,1085,1073,1115,1315,1320,1320,1407,1408,1351,1325,1325,1170,174,192,1005,1069,1128,1166,1203,1194,1207,1067,1000,1013,1185,1225,1225,1302,1276,1253,1222,1180,1119,153,181,164,897,972,1033,1058,1116,1109,1107,1103,1034,1092,1134,1147,1145,1194,1172,1146,1100,1077,1018,963,900,
DiSp,I,17,0,36,43,45,47,51,55,0,0,69,74,0,6,17,24,26,36,39,47,51,0,58,61,64,69,74,77,9,11,16,23,24,26,30,35,0,43,45,46,50,55,0,0,68,73,0,3,13,15,20,22,24,26,29,34,39,42,44,46,49,64,68,73,77,6,8,11,12,15,19,22,24,26,28,33,42,44,46,49,54,67,72,2,8,10,12,14,19,22,24,26,27,32,38,41,44,46,48,53,57,60,63,66,2,5,10,12,14,18,21,24,26,27,32,38,41,44,46,48,52,57,60,62,66,2,4,7,10,12,14,18,21,24,25,27,31,37,40,44,46,48,52,56,59,62,65,70,75,
DiSp,Y,-1192,-1060,-244,281,506,741,775,974,1190,812,834,919,1760,-2836,-1303,-916,-661,-224,0,749,737,830,1022,715,771,826,1001,1740,-2519,-2103,-1355,-826,-794,-600,-395,-202,0,203,415,624,678,864,703,775,868,1029,1565,-779,-1479,-1200,-939,-742,-714,-543,-364,-130,0,182,370,559,615,819,929,1575,1557,-2416,-1928,-1596,-1324,-1091,-852,-674,-654,-492,-262,-135,171,333,516,563,693,1542,1958,-559,-1710,-1402,-1189,-973,-797,-632,-609,-454,-256,-126,0,155,312,468,503,670,833,1044,1325,1485,-487,-404,-1275,-1069,-889,-720,-572,-565,-428,-252,-118,0,140,289,434,465,607,773,963,1180,1419,-429,-381,-266,-1137,-972,-814,-653,-531,-524,-393,-261,-122,0,134,271,406,427,558,707,867,1077,1291,1560,1891,
DiSp,Z,-905,-930,-976,-1124,-1012,-988,-985,-1011,-1044,-543,-499,-497,-869,-1050,-742,-687,-661,-674,-668,-749,-703,-646,-672,-407,-387,-371,-406,-645,-681,-629,-514,-428,-397,-400,-395,-405,-405,-406,-415,-416,-431,-448,-267,-259,-259,-278,-386,-88,-247,-227,-206,-192,-178,-181,-182,-130,-183,-182,-185,-186,-195,-137,-139,-213,-192,0,0,0,0,0,0,0,0,0,0,0,0,0,0,0,0,0,0,63,231,209,199,184,174,164,152,151,128,126,131,155,156,156,159,173,182,198,221,222,110,99,381,357,337,315,297,282,285,252,236,239,280,289,289,295,315,339,365,395,424,146,141,108,510,488,464,429,413,393,393,391,367,387,402,407,406,407,434,465,494,541,579,633,700,
DiSp,P,1.06
DiSp,V,3.57
DiSp,A,nan,2118,nan,nan,nan,nan,nan,nan,nan,nan,nan,2063,nan,2376,2138,2088,2076,2123,2185,nan,1147,1045,1056,1846,nan,2987,nan,nan,nan,2063,nan,nan,1936,1863,nan,1900,1883,nan,nan,2112,nan,1828,nan,1158,1097,1049,1120,1646,nan,nan,nan,2643,nan,2232,nan,1814,1679,1691,1669,1715,1713,1719,1755,1760,1809,1893,1913,1151,1098,1090,1174,1641,762,2777,nan,2268,2106,1958,1769,1625,1509,1531,1539,1101,1550,1544,1567,1577,1611,1765,1939,nan,1168,1168,1784,1627,nan,2512,2278,2034,1901,1727,1621,1490,1383,1386,1107,1141,nan,1450,1411,1454,1476,1499,nan,nan,2066,1931,2372,nan,541,nan,1978,1818,1682,1574,1445,1356,1287,1280,1085,1073,1115,1315,1320,1320,1344,1430,1543,1671,1924,1870,nan,nan,471,419,294,1610,1544,1433,1342,1271,1194,1207,1067,1000,1013,1185,1225,1225,1240,1311,1468,1536,1713,1806,nan,nan,415,408,nan,1445,1363,1300,1225,1168,1109,1107,1103,1034,1092,1134,1147,1145,1152,1231,1314,1388,1518,1617,1769,1974,
DiSp,X,965,2063,2376,2138,2088,2162,2034,1910,811,651,569,841,1362,1631,1936,1863,1900,1883,2112,1751,915,775,653,604,750,1647,1765,1738,1679,1691,1669,1715,1713,1719,1755,1760,1884,1813,1672,910,776,679,633,748,283,1266,1413,1489,1548,1546,1556,1509,1531,1539,1101,1550,1544,1567,1577,1678,1691,1695,825,728,962,742,1145,1229,1268,1344,1365,1417,1427,1383,1386,1107,1141,1450,1411,1454,1537,1436,1460,1203,1280,201,1067,1133,1189,1244,1263,1299,1287,1280,1085,1073,1115,1315,1320,1320,1400,1370,1349,1321,1360,1165,175,191,158,1003,1091,1133,1173,1217,1194,1207,1067,1000,1013,1185,1225,1225,1291,1256,1283,1214,1211,1125,154,186,900,963,1028,1071,1119,1109,1107,1103,1034,1092,1134,1147,1145,1200,1179,1149,1097,1073,1008,954,900,
DiSp,I,0,36,43,45,47,49,55,59,67,71,76,0,6,18,24,26,36,39,47,55,62,67,71,76,79,12,18,23,24,26,30,35,0,43,45,46,49,54,0,0,67,71,75,0,3,0,11,16,17,21,22,24,26,29,34,39,42,44,46,48,53,59,66,71,75,79,6,9,10,15,17,20,22,24,26,28,33,42,44,46,48,52,65,70,74,2,8,10,14,17,19,22,24,26,27,32,38,41,44,46,48,51,58,61,64,69,2,5,7,10,14,17,19,22,24,26,27,32,38,41,44,46,48,50,57,60,63,69,2,4,10,13,17,19,22,24,25,27,31,37,40,44,46,48,50,56,60,63,68,72,77,
DiSp,Y,-2029,-244,281,506,741,773,968,1179,811,826,923,1768,-2861,-1286,-916,-661,-224,0,749,833,721,775,829,979,1577,-2090,-1391,-827,-794,-600,-395,-202,0,203,415,624,673,863,1032,717,776,861,1026,1572,-793,-2660,-1793,-1489,-1220,-954,-741,-714,-543,-364,-130,0,182,370,559,599,804,1046,825,923,1560,1558,-2406,-1992,-1608,-1344,-1076,-874,-679,-654,-492,-262,-135,171,333,516,549,683,1460,1527,2074,-563,-1729,-1437,-1189,-981,-779,-618,-609,-454,-256,-126,0,155,312,468,500,652,832,1041,1360,1478,-490,-401,-257,-1273,-1091,-893,-724,-579,-565,-428,-252,-118,0,140,289,434,461,597,792,957,1211,1428,-432,-390,-1142,-963,-810,-661,-532,-524,-393,-261,-122,0,134,271,406,428,561,709,865,1073,1278,1546,1891,
DiSp,Z,-1002,-976,-1124,-1012,-988,-982,-1004,-1034,-542,-494,-499,-873,-1060,-732,-687,-661,-674,-668,-749,-648,-411,-389,-372,-397,-584,-625,-528,-429,-397,-400,-395,-405,-405,-406,-415,-416,-428,-448,-452,-272,-259,-257,-277,-388,-90,-328,-268,-249,-231,-209,-192,-178,-181,-182,-130,-183,-182,-185,-186,-190,-208,-229,-138,-138,-211,-192,0,0,0,0,0,0,0,0,0,0,0,0,0,0,0,0,0,0,0,64,234,215,199,186,171,160,152,151,128,126,131,155,156,156,159,169,182,197,227,221,111,99,69,381,365,339,317,300,282,285,252,236,239,280,289,289,293,310,347,363,405,427,147,144,513,483,461,434,414,393,393,391,367,387,402,407,406,408,437,466,492,538,574,628,700,
DiSp,P,1.05
DiSp,V,3.58
DiSp,A,nan,nan,nan,nan,nan,nan,nan,nan,2013,nan,nan,2197,nan,nan,2142,2078,2076,2123,2185,nan,1147,1045,1056,1846,nan,2938,nan,nan,nan,2094,1948,nan,1908,1839,nan,1942,nan,nan,1933,2083,nan,1828,nan,1158,1097,1049,1120,1646,nan,nan,nan,nan,nan,2163,nan,nan,1732,1681,1694,1685,1715,1708,1739,1777,1809,1893,1913,1151,1098,1090,1174,1641,753,nan,nan,2271,2111,1883,1767,1632,1532,1545,1537,1106,1561,1561,1582,1586,1611,1765,1939,nan,1168,1168,1784,1627,nan,nan,2217,2098,1842,1721,1611,1495,1390,1400,1099,1145,1365,1421,1433,1443,1476,1499,nan,nan,2066,1931,2372,nan,534,nan,1972,1835,1683,1565,1458,1354,1291,1279,1083,1067,1117,1316,1321,1317,1344,1430,1543,1671,1924,1870,nan,nan,474,417,298,1609,1525,1430,1335,1249,1190,1212,1063,994,1021,1183,1211,1229,1240,1311,1468,1536,1713,1806,nan,nan,411,400,nan,1453,1359,1296,1237,1162,1102,1113,1110,1009,1098,1128,1128,1151,1152,1231,1314,1388,1518,1617,1769,1974,
DiSp,X,2013,2197,2142,2078,2162,2034,1910,811,651,569,841,1339,1655,1703,1908,1839,1942,1933,2083,1751,915,775,653,604,750,1710,1732,1681,1694,1685,1715,1708,1739,1777,1884,1813,1672,910,776,679,633,748,280,1415,1492,1489,1545,1563,1532,1545,1537,1106,1561,1561,1582,1586,1678,1691,1695,825,728,962,742,1196,1307,1302,1360,1408,1432,1390,1400,1099,1145,1365,1421,1433,1443,1537,1436,1460,1203,1280,198,1064,1143,1190,1237,1274,1297,1291,1279,1083,1067,1117,1316,1321,1317,1400,1370,1349,1321,1360,1165,176,190,160,1003,1078,1130,1167,1196,1190,1212,1063,994,1021,1183,1211,1229,1291,1256,1283,1214,1211,1125,153,182,905,960,1024,1081,1113,1102,1113,1110,1009,1098,1128,1128,1151,1200,1179,1149,1097,1073,1008,954,900,
DiSp,I,23,35,46,48,50,56,60,68,72,77,0,6,17,19,23,25,35,46,48,56,63,68,72,77,80,17,22,25,29,34,41,44,45,47,50,55,0,0,68,72,76,0,3,11,14,16,19,20,21,25,29,33,40,43,45,47,49,54,60,67,72,76,80,8,10,13,15,18,20,21,25,28,32,39,43,45,47,49,53,66,71,75,2,8,9,12,15,18,20,21,25,27,31,38,43,45,47,49,52,59,62,65,70,2,5,7,9,12,15,18,20,21,25,27,31,37,42,45,47,49,51,58,61,64,70,2,4,9,12,15,18,20,21,24,26,30,36,42,45,47,49,51,57,61,64,69,73,78,
DiSp,Y,-952,-260,506,737,773,968,1179,811,826,923,1768,-2815,-1305,-1051,-903,-652,-229,457,739,833,721,775,829,979,1577,-1348,-819,-596,-400,-199,0,202,411,630,673,863,1032,717,776,861,1026,1572,-784,-1795,-1492,-1173,-953,-744,-725,-548,-363,-130,0,184,374,563,599,804,1046,825,923,1560,1558,-1938,-1659,-1302,-1072,-869,-681,-657,-497,-260,-135,0,168,339,512,549,683,1460,1527,2074,-556,-1724,-1451,-1190,-975,-786,-617,-611,-454,-256,-126,0,155,312,467,500,652,832,1041,1360,1478,-493,-399,-260,-1272,-1078,-891,-720,-569,-563,-430,-251,-117,0,140,286,436,461,597,792,957,1211,1428,-428,-383,-1149,-960,-807,-667,-529,-521,-395,-262,-119,0,133,266,408,428,561,709,865,1073,1278,1546,1891,
DiSp,Z,-952,-1040,-1013,-983,-982,-1004,-1034,-542,-494,-499,-873,-1043,-743,-691,-677,-652,-689,-686,-739,-648,-411,-389,-372,-397,-584,-511,-409,-397,-400,-398,-405,-404,-411,-420,-428,-448,-452,-272,-259,-257,-277,-388,-89,-268,-249,-222,-209,-193,-181,-182,-181,-130,-184,-184,-187,-187,-190,-208,-229,-138,-138,-211,-192,0,0,0,0,0,0,0,0,0,0,0,0,0,0,0,0,0,0,0,63,233,217,199,185,172,160,152,151,128,126,132,155,156,155,159,169,182,197,227,221,112,98,70,380,360,338,315,295,281,286,251,235,241,280,286,290,293,310,347,363,405,427,145,142,515,482,460,439,412,391,395,394,358,389,400,400,408,408,437,466,492,538,574,628,700,
DiSp,P,1.07
DiSp,V,3.57
DiSp,A,nan,nan,nan,nan,nan,nan,nan,nan,nan,nan,nan,2115,nan,2340,2136,2095,2077,2118,2184,nan,1162,1054,1053,1844,nan,2938,nan,nan,nan,2094,1948,nan,1912,1833,nan,1918,1919,nan,nan,2117,nan,1797,nan,1187,1096,1050,1128,1655,nan,nan,nan,nan,nan,2163,nan,nan,1678,1683,1674,1648,1710,1737,1748,1760,1805,1919,nan,1161,1100,1105,1176,1648,753,nan,nan,2271,2111,1883,1767,1632,1522,1498,1527,1107,1568,1577,1580,1539,1650,nan,1959,nan,1126,1133,1773,1640,nan,nan,2217,2098,1842,1721,1611,1495,1404,1393,1105,1132,1394,1434,1448,1469,1487,nan,nan,nan,2113,1946,nan,nan,534,nan,1972,1835,1683,1565,1458,1354,1285,1277,1088,1071,1117,1315,1320,1311,1341,1469,1551,1708,1922,1852,nan,nan,474,417,298,1609,1525,1430,1335,1249,1193,1195,1075,995,1021,1189,1223,1237,1245,1337,1437,1548,1676,1792,1994,nan,411,400,nan,1453,1359,1296,1237,1162,1097,1111,1118,1038,1095,1140,1150,1141,1151,1229,1330,1423,1513,1626,1798,1982,
DiSp,X,2115,2340,2136,2095,2163,2029,1909,821,657,568,840,1339,1655,1703,1912,1833,1918,1919,2117,1721,938,774,654,608,754,1710,1678,1683,1674,1648,1710,1737,1748,1760,1880,1838,918,777,688,634,751,280,1415,1492,1489,1545,1563,1522,1498,1527,1107,1568,1577,1580,1539,1719,1713,796,706,956,747,1196,1307,1302,1360,1408,1432,1404,1393,1105,1132,1394,1434,1448,1469,1549,1494,1213,198,1064,1143,1190,1237,1274,1297,1285,1277,1088,1071,1117,1315,1320,1311,1397,1407,1356,1350,1359,1154,176,190,160,1003,1078,1130,1167,1196,1193,1195,1075,995,1021,1189,1223,1237,1297,1281,1256,1224,1185,1117,1076,153,182,905,960,1024,1081,1113,1097,1111,1118,1038,1095,1140,1150,1141,1199,1177,1163,1125,1069,1013,970,903,
DiSp,I,35,42,44,50,53,0,57,65,71,75,0,6,17,19,21,24,35,40,50,55,60,65,71,0,78,17,21,24,29,34,40,42,44,49,53,0,0,64,70,75,0,3,11,14,16,19,20,21,23,28,33,40,41,43,49,52,57,64,69,0,78,8,10,13,15,18,20,21,22,27,32,39,41,43,48,51,63,68,2,8,9,12,15,18,20,21,22,26,31,38,41,43,47,51,54,56,59,62,67,2,5,7,9,12,15,18,20,21,22,26,31,37,41,43,46,51,54,56,58,61,67,73,2,4,9,12,15,18,20,21,22,25,30,36,41,43,45,51,54,56,58,61,66,72,76,
DiSp,Y,-250,276,505,743,773,965,1178,821,833,920,1766,-2815,-1305,-1051,-905,-650,-226,0,751,819,740,774,830,986,1585,-1348,-794,-597,-396,-195,0,205,413,624,672,875,723,777,873,1028,1579,-784,-1795,-1492,-1173,-953,-744,-720,-531,-361,-131,0,186,373,546,614,1057,796,895,1550,1571,-1938,-1659,-1302,-1072,-869,-681,-664,-494,-261,-133,0,169,342,521,553,1494,1538,-556,-1724,-1451,-1190,-975,-786,-617,-608,-453,-257,-126,0,155,312,465,499,669,837,1064,1359,1464,-493,-399,-260,-1272,-1078,-891,-720,-569,-564,-424,-254,-117,0,140,289,439,463,609,775,965,1185,1417,1743,-428,-383,-1149,-960,-807,-667,-529,-519,-394,-264,-122,0,134,272,405,428,560,717,887,1069,1285,1572,1899,
DiSp,Z,-1001,-1107,-1011,-991,-983,-1002,-1033,-550,-498,-498,-872,-1043,-743,-691,-678,-650,-680,-681,-751,-637,-421,-389,-372,-400,-587,-511,-397,-398,-396,-390,-404,-411,-413,-416,-427,-454,-274,-260,-261,-278,-390,-89,-268,-249,-222,-209,-193,-180,-177,-180,-131,-185,-186,-186,-182,-195,-231,-133,-134,-209,-194,0,0,0,0,0,0,0,0,0,0,0,0,0,0,0,0,0,63,233,217,199,185,172,160,152,151,128,126,132,155,156,155,158,173,183,202,227,219,112,98,70,380,360,338,315,295,282,282,254,235,241,281,289,292,294,316,340,366,396,424,471,145,142,515,482,460,439,412,389,394,396,368,388,404,408,405,408,436,472,505,537,577,638,703,
DiSp,P,1.09
DiSp,V,3.58
DiSp,A,nan,nan,nan,nan,nan,nan,nan,nan,nan,nan,nan,2129,nan,2430,2119,2106,2100,2137,2190,nan,1149,1047,1043,1838,nan,2977,nan,nan,nan,2090,nan,nan,1859,1845,nan,1891,1901,nan,1947,2082,2115,1823,nan,1146,1096,1048,1113,1651,723,nan,2837,nan,nan,2140,nan,1852,1715,1695,1686,1736,1672,1704,1781,1774,1795,1891,nan,1167,1103,1095,1174,1646,741,nan,nan,nan,2118,1944,1771,1663,1532,1537,1545,1099,1549,1558,1565,1539,1628,nan,1901,nan,1131,1164,1791,1612,nan,nan,2219,2035,1895,1757,1606,1487,1397,1381,1113,1142,1408,1448,1426,1446,1500,1568,nan,nan,2074,1948,nan,nan,517,nan,1965,1833,1695,1572,1461,1360,1289,1287,1086,1087,1112,1303,1303,1310,1354,1466,1549,1698,1862,1858,nan,nan,473,421,310,1612,1522,1440,1357,1250,1186,1199,1080,1004,1020,nan,1212,1222,1248,1320,1469,1533,1697,1796,1915,nan,417,402,nan,1470,1365,1310,1230,1157,1102,1129,1120,1020,1089,1136,1143,1145,1150,1216,1314,1414,1509,1626,1750,2026,
DiSp,X,2129,2430,2119,2106,2187,2047,1915,812,652,562,838,1357,1652,1859,1845,1891,1901,1947,2082,2203,1746,906,774,653,600,752,269,1531,1692,1774,1715,1695,1686,1736,1672,1704,1781,1774,1870,1811,922,779,682,633,750,275,1497,1537,1548,1593,1532,1537,1545,1099,1549,1558,1565,1539,1696,1662,799,725,966,735,1197,1268,1339,1389,1404,1424,1397,1381,1113,1142,1408,1448,1426,1446,1562,1502,1466,1214,192,1060,1142,1198,1243,1277,1303,1289,1287,1086,1087,1112,1303,1303,1310,1410,1404,1354,1342,1316,1158,176,192,167,1004,1076,1138,1186,1197,1186,1199,1080,1004,1020,1212,1222,1300,1264,1284,1212,1199,1119,1033,155,183,916,965,1035,1075,1108,1102,1129,1120,1020,1089,1136,1143,1145,1198,1165,1149,1118,1067,1013,944,923,
DiSp,I,33,40,42,46,50,53,57,65,69,72,0,6,15,22,23,33,38,42,46,50,0,60,65,69,0,75,0,9,15,20,22,23,27,33,38,40,42,45,49,53,0,64,69,72,0,3,13,14,18,19,21,23,26,32,37,39,41,45,48,57,64,69,0,75,9,11,12,14,17,19,21,23,25,31,37,39,41,44,48,52,63,68,2,8,11,12,14,17,19,21,23,24,30,36,39,41,43,47,52,56,59,62,67,2,5,7,10,12,14,17,19,21,23,24,29,35,41,43,47,51,55,58,62,67,70,2,4,10,12,14,16,19,21,23,24,28,34,39,41,43,47,51,54,58,61,66,70,73,
DiSp,Y,-251,287,501,747,782,974,1182,812,827,912,1761,-2852,-1302,-880,-655,-223,0,460,739,787,831,714,774,828,973,1581,-753,-2480,-1334,-844,-811,-601,-399,-205,0,201,421,629,668,862,727,779,865,1026,1577,-771,-1497,-1211,-955,-758,-725,-545,-365,-130,0,184,370,546,606,1026,799,920,1566,1544,-1940,-1609,-1339,-1095,-866,-678,-661,-490,-263,-135,0,171,337,513,558,715,1466,1540,-538,-1718,-1449,-1198,-980,-788,-620,-610,-456,-257,-128,0,154,308,465,504,668,836,1058,1316,1469,-492,-403,-271,-1274,-1076,-897,-732,-570,-561,-425,-255,-118,0,286,433,464,602,792,955,1199,1420,1674,-434,-385,-1162,-965,-816,-663,-527,-521,-400,-265,-120,0,134,270,406,428,554,709,881,1067,1285,1530,1941,
DiSp,Z,-1007,-1150,-1003,-996,-994,-1011,-1036,-543,-495,-493,-870,-1056,-742,-660,-655,-671,-674,-691,-739,-750,-647,-406,-389,-372,-395,-586,-171,-671,-506,-438,-405,-401,-399,-410,-395,-403,-421,-419,-424,-447,-276,-261,-259,-277,-389,-87,-250,-230,-209,-196,-181,-181,-182,-130,-183,-184,-185,-182,-192,-224,-133,-137,-211,-190,0,0,0,0,0,0,0,0,0,0,0,0,0,0,0,0,0,0,61,232,216,200,186,172,160,152,152,128,128,131,154,154,155,160,173,183,200,220,219,111,99,73,381,360,340,321,295,280,283,255,237,241,286,289,295,312,347,362,401,425,453,148,142,521,484,465,436,410,391,400,397,362,386,403,405,406,408,431,466,502,535,577,621,719,
DiSp,P,1.15
DiSp,V,3.57
DiSp,A,nan,nan,nan,nan,nan,nan,1926,nan,nan,nan,nan,2129,nan,2430,2119,2106,2099,2124,2193,nan,1163,1043,1045,1853,nan,2944,nan,nan,nan,2078,nan,nan,1859,1845,nan,1891,1901,nan,1947,2082,nan,1813,nan,1192,1085,1048,1132,2008,nan,nan,nan,nan,nan,2189,nan,1817,1715,1695,1686,1736,1672,1704,1781,1774,1845,1879,nan,1155,1103,1096,1169,1637,748,nan,nan,nan,2121,1934,1779,1624,1532,1537,1545,1099,1549,1558,1565,1539,1627,1783,1977,nan,1140,1168,1798,1632,nan,nan,2205,2027,1889,1748,1597,1498,1397,1381,1113,1142,1408,1448,1426,1446,1470,1552,nan,nan,nan,1948,2113,nan,524,nan,1951,1831,1677,1566,1466,1367,1289,1287,1086,1087,1112,1303,1303,1310,1355,1453,1586,1658,1938,1872,2241,nan,469,428,290,1633,1526,1431,1338,1260,1186,1199,1080,1004,1020,nan,1212,1222,1244,1337,1416,1570,1677,1782,1995,nan,408,408,nan,1443,1355,1302,1235,1159,1102,1129,1120,1020,1089,1136,1143,1145,1158,1233,1314,1429,1517,1640,1783,1978,
DiSp,X,1684,2129,2430,2119,2106,2186,2035,1917,822,650,564,845,1342,1643,1859,1845,1891,1901,1947,2082,1737,942,767,653,610,915,1731,1740,1715,1695,1686,1736,1672,1704,1781,1774,1922,1800,913,779,683,630,746,278,1499,1529,1555,1556,1532,1537,1545,1099,1549,1558,1565,1539,1695,1708,1728,806,728,970,744,1190,1263,1335,1382,1396,1435,1397,1381,1113,1142,1408,1448,1426,1446,1531,1487,1214,1140,195,1053,1141,1185,1238,1281,1309,1289,1287,1086,1087,1112,1303,1303,1310,1411,1392,1386,1311,1370,1167,1209,174,195,156,1018,1079,1131,1170,1207,1186,1199,1080,1004,1020,1212,1222,1296,1281,1238,1241,1185,1110,1076,151,186,899,958,1029,1079,1110,1102,1129,1120,1020,1089,1136,1143,1145,1206,1181,1149,1130,1072,1022,962,902,
DiSp,I,0,32,39,41,45,47,53,56,0,66,72,0,6,15,21,22,32,37,41,45,53,59,62,66,72,75,15,19,21,22,26,32,37,39,41,44,47,52,0,0,66,71,0,3,13,14,17,18,20,22,25,31,36,38,40,44,46,51,56,62,66,70,75,9,11,12,14,16,18,20,22,24,30,36,38,40,43,46,50,65,69,2,8,11,12,14,16,18,20,22,23,29,35,38,40,42,46,49,55,58,61,64,68,2,5,7,10,12,14,16,18,20,22,23,28,34,40,42,46,48,54,58,60,64,67,2,4,10,12,14,16,18,20,22,23,27,33,38,40,42,46,48,54,57,60,63,67,73,
DiSp,Y,-1039,-251,287,501,747,781,968,1183,822,824,913,1775,-2820,-1295,-880,-655,-223,0,460,739,826,743,767,828,989,1923,-1364,-828,-811,-601,-399,-205,0,201,421,629,687,856,720,779,866,1022,1568,-779,-1499,-1205,-960,-740,-725,-545,-365,-130,0,184,370,546,605,813,1067,806,923,1572,1563,-1928,-1602,-1335,-1089,-861,-683,-661,-490,-263,-135,0,171,337,513,547,707,1540,1847,-545,-1706,-1447,-1185,-976,-791,-623,-610,-456,-257,-128,0,154,308,465,504,662,856,1033,1370,1480,1959,-488,-410,-253,-1291,-1079,-892,-722,-574,-561,-425,-255,-118,0,286,433,463,609,764,978,1185,1409,1744,-425,-390,-1141,-958,-811,-666,-528,-521,-400,-265,-120,0,134,270,406,431,562,709,890,1072,1296,1559,1895,
DiSp,Z,-911,-1007,-1150,-1003,-996,-993,-1005,-1038,-550,-493,-494,-877,-1045,-737,-660,-655,-671,-674,-691,-739,-643,-423,-385,-372,-401,-712,-518,-430,-405,-401,-399,-410,-395,-403,-421,-419,-436,-444,-273,-261,-259,-276,-387,-88,-251,-228,-210,-192,-181,-181,-182,-130,-183,-184,-185,-182,-192,-211,-233,-134,-138,-212,-193,0,0,0,0,0,0,0,0,0,0,0,0,0,0,0,0,0,0,62,230,216,198,185,173,161,152,152,128,128,131,154,154,155,160,171,187,196,229,221,265,111,101,68,386,361,338,316,298,280,283,255,237,241,286,289,294,316,335,371,396,421,472,144,144,512,481,462,438,411,391,400,397,362,386,403,405,406,411,437,466,507,538,582,633,702,
DiSp,P,1.12
DiSp,V,3.58
DiSp,A,nan,nan,nan,nan,nan,nan,nan,nan,nan,nan,nan,2172,nan,2395,2124,2102,2099,2124,2193,nan,1163,1043,1045,1853,nan,2947,nan,nan,nan,2071,1997,nan,nan,1873,1951,1906,1886,1886,nan,2097,nan,1813,nan,1192,1085,1048,1132,2008,nan,nan,2910,2632,nan,2217,nan,1807,1719,1692,1665,1719,1695,1718,1774,1774,1845,1879,nan,1155,1103,1096,1169,1637,720,nan,nan,nan,2088,1919,1781,1619,1531,1527,1557,1173,1553,1572,1572,1542,1627,1783,1977,nan,1140,1168,1798,1632,nan,nan,2202,2021,1864,1731,1621,1487,1385,1391,1110,1148,1414,1441,1453,1435,1470,1552,nan,nan,nan,1948,2113,nan,529,nan,1979,1837,1678,1572,1467,1355,1275,1282,1082,1068,1117,nan,1304,1326,1355,1453,1586,1658,1938,1872,2241,nan,468,427,287,1615,1515,1437,1341,1259,1196,1196,1069,997,1022,1178,1240,1226,1244,1337,1416,1570,1677,1782,1995,nan,414,407,nan,1476,1364,1301,1233,1160,1105,1123,1116,1030,1106,1135,1148,1132,1158,1233,1314,1429,1517,1640,1783,1978,
DiSp,X,2172,2395,2124,2102,2186,2035,1917,822,650,564,845,1344,1637,1746,1873,1951,1906,1886,1886,2097,1737,942,767,653,610,915,1570,1640,1753,1731,1719,1692,1665,1719,1695,1718,1774,1774,1922,1800,913,779,683,630,746,268,1476,1517,1557,1551,1531,1527,1557,1173,1553,1572,1572,1542,1695,1708,1728,806,728,970,744,1188,1259,1318,1368,1417,1424,1385,1391,1110,1148,1414,1441,1453,1435,1531,1487,1214,1140,196,1068,1145,1186,1243,1282,1298,1275,1282,1082,1068,1117,1304,1326,1411,1392,1386,1311,1370,1167,1209,174,194,154,1006,1071,1136,1172,1206,1196,1196,1069,997,1022,1178,1240,1226,1296,1281,1238,1241,1185,1110,1076,154,185,920,964,1028,1078,1111,1105,1123,1116,1030,1106,1135,1148,1132,1206,1181,1149,1130,1072,1022,962,902,
DiSp,I,32,40,45,48,50,56,59,0,69,75,0,6,15,17,22,27,32,36,0,48,56,62,65,69,75,78,8,10,15,19,21,22,27,32,36,40,45,47,50,55,0,0,69,74,0,3,12,14,17,18,20,22,26,31,36,0,44,47,49,54,59,65,69,73,78,8,10,11,13,16,18,20,22,25,30,36,39,44,46,49,53,68,72,2,8,10,11,13,16,18,20,22,24,29,35,43,46,49,52,58,61,64,67,71,2,5,7,9,11,13,16,18,20,22,24,29,34,38,42,46,49,51,57,61,63,67,70,2,4,9,11,13,16,18,20,22,23,28,33,37,41,46,49,51,57,60,63,66,70,76,
DiSp,Y,-257,283,502,746,781,968,1183,822,824,913,1775,-2823,-1291,-1077,-664,-461,-225,0,223,744,826,743,767,828,989,1923,-2544,-2081,-1382,-824,-813,-600,-394,-203,0,203,419,629,687,856,720,779,866,1022,1568,-750,-1476,-1196,-961,-738,-724,-542,-368,-138,0,186,372,547,605,813,1067,806,923,1572,1563,-1925,-1598,-1318,-1079,-874,-678,-655,-493,-262,-135,0,170,343,509,547,707,1540,1847,-551,-1730,-1452,-1186,-980,-791,-617,-603,-455,-256,-126,0,308,470,504,662,856,1033,1370,1480,1959,-487,-409,-250,-1277,-1071,-895,-723,-574,-566,-424,-253,-117,0,139,293,435,463,609,764,978,1185,1409,1744,-431,-389,-1167,-964,-811,-665,-529,-523,-398,-264,-121,0,134,271,401,431,562,709,890,1072,1296,1559,1895,
DiSp,Z,-1028,-1133,-1005,-995,-993,-1005,-1038,-550,-493,-494,-877,-1046,-735,-708,-664,-692,-676,-669,-669,-744,-643,-423,-385,-372,-401,-712,-688,-622,-524,-427,-406,-400,-394,-406,-401,-406,-419,-419,-436,-444,-273,-261,-259,-276,-387,-85,-247,-227,-210,-191,-181,-180,-184,-138,-183,-186,-186,-182,-192,-211,-233,-134,-138,-212,-193,0,0,0,0,0,0,0,0,0,0,0,0,0,0,0,0,0,0,62,234,217,198,186,173,160,150,151,128,126,132,154,156,160,171,187,196,229,221,265,110,101,67,382,358,340,317,297,283,283,253,235,241,278,293,290,294,316,335,371,396,421,472,146,144,524,484,461,437,411,392,398,396,365,392,402,407,401,411,437,466,507,538,582,633,702,
DiSp,P,1.08
DiSp,V,3.56
DiSp,A,nan,nan,nan,nan,nan,nan,nan,nan,nan,nan,nan,2151,nan,2323,2138,2100,2080,2129,2197,1296,1165,1041,1040,1837,nan,2947,nan,nan,nan,2071,1997,nan,nan,1868,1880,1926,1897,nan,1972,2058,nan,1815,nan,1125,1104,1053,1125,1664,nan,nan,2910,2632,nan,2217,nan,1807,1704,1699,1661,1714,1711,1710,1734,1767,1846,1924,1949,1128,1099,1095,1174,1644,720,nan,nan,nan,2088,1919,1781,1619,1542,1520,1549,1114,1564,1560,1575,1566,1608,1827,nan,nan,1149,1155,1800,1630,nan,nan,2202,2021,1864,1731,1621,1487,1404,1398,1109,1149,1388,1424,1449,1444,1435,1576,nan,nan,2126,1950,nan,nan,529,nan,1979,1837,1678,1572,1467,1355,1290,1275,1086,1075,1116,1306,1319,1328,1349,1458,1549,1679,1871,1874,2394,2521,468,427,287,1615,1515,1437,1341,1259,1184,1196,1070,1003,1020,1199,1233,1216,1240,1343,1419,1536,1669,1818,nan,nan,414,407,nan,1476,1364,1301,1233,1160,1112,1119,1106,1015,1108,1136,1137,1144,1158,1215,1316,1427,1517,1643,1767,1970,
DiSp,X,2151,2323,2138,2100,2167,2039,1921,1024,823,648,561,837,1344,1637,1746,1868,1880,1926,1897,1972,2058,1739,889,780,656,607,758,1570,1640,1753,1731,1704,1699,1661,1714,1711,1710,1734,1767,1923,1843,1704,892,777,682,633,749,268,1476,1517,1557,1551,1542,1520,1549,1114,1564,1560,1575,1566,1675,1750,812,720,971,743,1188,1259,1318,1368,1417,1424,1404,1398,1109,1149,1388,1424,1449,1444,1495,1510,1503,1215,196,1068,1145,1186,1243,1282,1298,1290,1275,1086,1075,1116,1306,1319,1328,1405,1396,1354,1327,1322,1168,1292,1149,174,194,154,1006,1071,1136,1172,1206,1184,1196,1070,1003,1020,1199,1233,1216,1291,1286,1240,1214,1180,1133,154,185,920,964,1028,1078,1111,1112,1119,1106,1015,1108,1136,1137,1144,1206,1164,1150,1128,1072,1024,953,898,
DiSp,I,32,39,41,43,47,53,55,0,62,66,0,0,6,15,17,23,27,32,37,41,43,53,58,62,66,69,72,8,10,15,19,21,23,27,32,37,39,40,42,47,52,0,0,62,66,0,0,3,12,14,17,18,20,22,26,31,37,38,40,42,46,51,61,66,69,72,8,10,11,13,16,18,20,22,25,30,36,38,40,42,46,50,60,65,2,8,10,11,13,16,18,20,22,24,29,35,38,40,42,45,49,54,57,59,64,68,71,2,5,7,9,11,13,16,18,20,22,24,29,34,38,40,42,44,49,54,56,59,64,2,4,9,11,13,16,18,20,22,24,28,33,38,40,42,44,48,54,56,59,63,67,70,
DiSp,Y,-254,274,506,745,774,970,1185,807,823,823,909,1760,-2823,-1291,-1077,-663,-444,-227,0,466,730,827,701,780,832,983,1594,-2544,-2081,-1382,-824,-806,-603,-393,-202,0,202,410,627,687,877,1051,703,777,865,1026,1575,-750,-1476,-1196,-961,-738,-729,-539,-366,-131,0,184,372,555,598,833,812,913,1574,1561,-1925,-1598,-1318,-1079,-874,-678,-664,-496,-262,-135,0,168,342,512,534,718,1503,1542,-551,-1730,-1452,-1186,-980,-791,-617,-610,-452,-257,-127,0,154,312,471,502,664,836,1046,1322,1481,2093,2415,-487,-409,-250,-1277,-1071,-895,-723,-574,-560,-424,-253,-118,0,141,291,431,461,612,765,957,1180,1437,-431,-389,-1167,-964,-811,-665,-529,-526,-397,-261,-120,0,134,269,406,431,554,710,889,1072,1299,1545,1887,
DiSp,Z,-1018,-1099,-1012,-994,-984,-1007,-1040,-613,-551,-492,-492,-869,-1046,-735,-708,-663,-667,-683,-673,-700,-730,-644,-399,-391,-373,-399,-590,-688,-622,-524,-427,-403,-402,-393,-405,-404,-404,-410,-418,-436,-455,-461,-266,-260,-259,-277,-389,-85,-247,-227,-210,-191,-182,-179,-183,-131,-185,-184,-186,-185,-190,-216,-135,-136,-213,-192,0,0,0,0,0,0,0,0,0,0,0,0,0,0,0,0,0,0,62,234,217,198,186,173,160,152,150,128,127,132,154,156,157,159,172,183,198,221,221,283,298,110,101,67,382,358,340,317,297,280,283,253,237,241,283,291,287,293,317,335,363,395,430,146,144,524,484,461,437,411,394,397,392,360,393,403,403,406,411,431,467,506,538,583,627,699,
DiSp,P,1.10
DiSp,V,3.57
DiSp,A,nan,nan,nan,nan,nan,nan,nan,nan,nan,nan,nan,nan,nan,2430,2130,2070,2074,2139,2186,nan,1153,1043,1052,1869,nan,2954,nan,nan,nan,2071,2020,nan,nan,1835,1882,1905,1902,nan,nan,1951,nan,1806,nan,1160,1092,1053,1118,1672,nan,nan,nan,2613,nan,2132,nan,1806,1698,1673,1671,1662,1711,1727,1748,1753,1823,1907,1925,1150,1097,1098,1187,1659,742,nan,nan,nan,2098,1921,1748,1661,1533,1508,1531,1112,1555,1539,1571,1553,1639,nan,1887,nan,1129,1179,1798,1612,nan,nan,2250,2046,1874,1732,1619,1480,1399,1375,1110,1138,nan,1425,1431,1452,1457,1544,nan,nan,nan,1946,2221,nan,546,nan,1958,1770,1683,1578,1450,1360,1289,1270,1091,1081,1127,nan,1316,1336,1337,1470,1565,1652,1889,1880,nan,nan,475,428,nan,1623,1534,1442,1329,1252,1187,1202,1065,994,1018,1197,1227,1237,1245,1344,1407,1560,1691,1788,2017,nan,410,406,nan,1454,1365,1298,1231,1168,1108,1102,1115,1033,1095,1134,1142,1150,1152,1224,1311,1405,1516,1625,1812,1952,
DiSp,X,2430,2130,2070,2160,2049,1911,815,650,567,852,1347,1637,1766,1835,1882,1905,1902,1951,1730,917,772,656,603,762,1629,1685,1730,1698,1673,1671,1662,1711,1727,1748,1753,1899,1827,1683,909,775,684,640,756,276,1483,1519,1528,1591,1533,1508,1531,1112,1555,1539,1571,1553,1707,1650,798,735,970,735,1214,1275,1325,1369,1415,1418,1399,1375,1110,1138,1425,1431,1452,1517,1479,1213,1198,203,1056,1103,1190,1247,1267,1303,1289,1270,1091,1081,1127,1316,1336,1392,1408,1368,1306,1335,1172,176,195,1011,1084,1140,1162,1199,1187,1202,1065,994,1018,1197,1227,1237,1297,1287,1230,1233,1195,1114,1088,152,185,906,965,1026,1076,1119,1108,1102,1115,1033,1095,1134,1142,1150,1200,1172,1146,1111,1071,1013,978,890,
DiSp,I,41,43,47,49,53,56,0,67,71,0,6,18,20,27,31,36,39,47,0,59,62,67,0,74,13,18,23,25,27,31,36,0,41,43,46,49,53,0,0,0,67,71,0,3,15,17,20,22,24,27,31,35,39,0,42,45,48,56,62,67,0,74,9,13,14,17,20,21,24,27,30,34,40,42,45,48,52,66,70,2,8,12,14,17,19,21,24,27,29,33,38,42,44,48,51,55,58,61,65,2,5,11,14,17,19,21,24,27,29,33,38,40,42,44,48,50,54,58,60,64,69,2,4,10,14,16,19,21,24,26,28,32,37,40,42,44,48,50,54,57,60,63,68,72,
DiSp,Y,287,504,734,772,975,1179,815,824,919,1790,-2830,-1291,-1090,-651,-445,-225,0,692,823,723,772,832,977,1602,-2066,-1329,-823,-803,-593,-395,-196,0,204,413,622,678,869,1039,716,775,868,1037,1589,-773,-1483,-1197,-943,-757,-725,-535,-362,-131,0,182,371,551,610,1018,798,932,1572,1544,-1967,-1617,-1325,-1079,-873,-674,-662,-488,-262,-134,168,338,515,542,704,1538,1942,-568,-1712,-1399,-1190,-983,-782,-620,-610,-450,-258,-127,0,311,474,497,670,844,1029,1335,1486,-494,-410,-1283,-1084,-898,-717,-570,-561,-426,-252,-117,0,141,290,439,463,612,759,972,1195,1413,1763,-427,-389,-1149,-965,-809,-664,-532,-524,-391,-263,-122,0,134,270,408,428,558,707,875,1071,1285,1584,1870,
DiSp,Z,-1150,-1008,-979,-981,-1012,-1034,-545,-493,-497,-884,-1048,-735,-717,-651,-668,-676,-675,-692,-641,-411,-387,-373,-396,-593,-618,-504,-427,-401,-395,-395,-393,-404,-408,-413,-414,-431,-451,-455,-272,-259,-259,-280,-392,-87,-248,-227,-206,-196,-181,-178,-181,-131,-184,-182,-185,-183,-193,-223,-133,-139,-212,-190,0,0,0,0,0,0,0,0,0,0,0,0,0,0,0,0,0,64,231,209,199,186,171,160,152,150,129,127,133,155,158,158,173,185,195,223,222,112,101,384,363,341,314,296,280,284,252,235,240,283,290,292,294,318,333,369,400,423,477,145,144,516,484,460,437,414,393,391,395,366,388,402,405,408,408,434,465,498,538,576,643,693,
DiSp,P,1.09
DiSp,V,3.58
DiSp,A,nan,nan,nan,nan,nan,nan,nan,nan,nan,nan,nan,nan,nan,2430,2130,2070,2064,2126,2180,nan,1159,1036,1051,1833,nan,2947,nan,nan,nan,2080,1961,nan,nan,1835,1882,1905,1902,nan,nan,1951,nan,1828,nan,1170,1095,1050,1124,1888,nan,nan,2904,nan,nan,2220,nan,nan,1698,1673,1671,1662,1711,1727,1748,1753,1866,1875,nan,1142,1109,1097,1170,1645,767,nan,nan,nan,2135,1884,1785,1646,1533,1508,1531,1112,1555,1539,1571,1553,1645,1876,1880,nan,1176,1162,1792,1634,nan,2490,2242,1989,1889,1743,1642,1486,1399,1375,1110,1138,nan,1425,1431,1452,1440,1576,nan,1924,2060,1961,nan,2705,533,nan,1951,1819,1684,1570,1458,1378,1289,1270,1091,1081,1127,nan,1316,1336,1351,1455,1559,1688,1880,1853,2263,nan,472,421,313,1595,1531,1430,1343,1260,1187,1202,1065,994,1018,1197,1227,1237,1233,1329,1426,1547,1680,1806,2032,nan,412,402,nan,1453,1378,1297,1234,1155,1108,1102,1115,1033,1095,1134,1142,1150,1157,1223,1308,1398,1527,1660,1791,1954,
DiSp,X,2430,2130,2070,2150,2037,1906,819,645,567,835,1344,1644,1714,1835,1882,1905,1902,1951,1751,925,774,654,606,861,1567,1755,1698,1673,1671,1662,1711,1727,1748,1753,1944,1796,903,784,683,631,750,285,1509,1489,1560,1577,1533,1508,1531,1112,1555,1539,1571,1553,1713,1797,1644,831,724,967,745,1135,1210,1239,1335,1378,1435,1423,1399,1375,1110,1138,1425,1431,1452,1500,1510,1521,1456,1222,1233,198,1053,1134,1190,1241,1274,1320,1289,1270,1091,1081,1127,1316,1336,1407,1394,1363,1334,1329,1155,1221,175,192,168,994,1082,1130,1174,1207,1187,1202,1065,994,1018,1197,1227,1237,1284,1273,1246,1223,1187,1125,1096,153,183,905,974,1025,1079,1106,1108,1102,1115,1033,1095,1134,1142,1150,1205,1171,1143,1105,1079,1034,966,891,
DiSp,I,40,42,46,51,56,58,66,71,0,80,5,17,20,26,30,35,38,46,56,0,66,71,75,80,8,17,24,26,30,35,0,40,42,45,51,55,60,65,71,0,79,2,13,16,20,22,23,26,30,34,38,0,41,44,50,54,58,64,71,75,79,5,8,11,12,15,19,21,23,26,29,33,39,41,44,49,53,60,63,70,78,2,7,10,12,14,18,21,23,26,28,32,37,41,43,48,52,57,59,62,69,74,2,4,6,9,12,14,18,21,23,26,28,32,37,39,41,43,47,52,57,59,61,68,73,2,3,9,12,14,18,21,23,25,27,31,36,39,41,43,47,52,57,59,61,67,72,76,
DiSp,Y,287,504,734,768,969,1176,819,819,919,1756,-2823,-1296,-1058,-651,-445,-225,0,692,833,729,774,830,982,1808,-2539,-1384,-803,-593,-395,-196,0,204,413,622,694,855,711,784,867,1023,1576,-799,-1509,-1174,-963,-750,-725,-535,-362,-131,0,182,371,551,612,855,1014,831,918,1567,1565,-2385,-1960,-1572,-1335,-1086,-886,-677,-662,-488,-262,-134,168,338,515,536,718,1199,1456,1550,2591,-555,-1706,-1438,-1190,-978,-786,-628,-610,-450,-258,-127,0,311,474,503,663,841,1052,1329,1465,1978,-491,-403,-273,-1261,-1082,-891,-724,-574,-561,-426,-252,-117,0,141,290,439,459,606,769,964,1187,1428,1776,-429,-385,-1149,-974,-808,-666,-526,-524,-391,-263,-122,0,134,270,408,430,557,705,871,1079,1312,1566,1872,
DiSp,Z,-1150,-1008,-979,-977,-1006,-1031,-548,-490,-497,-867,-1046,-738,-696,-651,-668,-676,-675,-692,-648,-415,-388,-372,-399,-670,-687,-525,-401,-395,-395,-393,-404,-408,-413,-414,-441,-443,-270,-262,-259,-276,-389,-90,-252,-222,-211,-194,-181,-178,-181,-131,-184,-182,-185,-183,-194,-222,-222,-139,-137,-212,-193,0,0,0,0,0,0,0,0,0,0,0,0,0,0,0,0,0,0,0,0,63,230,215,199,185,172,163,152,150,129,127,133,155,158,159,172,184,199,222,219,267,111,99,74,377,362,338,317,298,280,284,252,235,240,283,290,292,291,314,337,366,397,427,480,146,142,515,489,460,438,410,393,391,395,366,388,402,405,408,410,434,464,496,542,589,635,693,
DiSp,P,1.11
DiSp,V,3.59
DiSp,A,nan,nan,1819,nan,nan,nan,nan,nan,nan,nan,nan,2147,nan,2400,2165,2055,2064,2126,2180,nan,1159,1036,1051,1833,nan,2993,nan,nan,nan,2083,2019,nan,1881,1839,nan,1904,1924,nan,2030,2161,nan,1828,nan,1170,1095,1050,1124,1888,nan,nan,2782,nan,nan,2210,nan,1775,1677,1694,1680,1731,1707,1714,1726,1769,1866,1875,nan,1142,1109,1097,1170,1645,717,nan,nan,2332,nan,1936,1774,1640,1528,1530,1543,1131,1545,1567,1558,1583,1645,1876,1880,nan,1176,1162,1792,1634,nan,nan,2257,2005,1895,1721,1577,1481,1408,1388,1111,1137,1377,1426,1416,1456,1440,1576,nan,1924,2060,1961,nan,2705,525,nan,1932,1813,1699,1585,1458,1366,1287,1286,1080,1070,1121,1312,1307,1320,1351,1455,1559,1688,1880,1853,2263,nan,474,429,290,1615,1532,1421,1346,1255,1192,1208,1070,992,1023,1197,1218,1234,1233,1329,1426,1547,1680,1806,2032,nan,411,401,nan,nan,1371,1293,1229,1168,1113,1112,1108,1027,1098,1134,1139,1142,1157,1223,1308,1398,1527,1660,1791,1954,
DiSp,X,981,2147,2400,2165,2055,2150,2037,1906,819,645,567,835,1364,1647,1765,1881,1839,1904,1924,2030,2161,1751,925,774,654,606,861,1501,1747,1700,1677,1694,1680,1731,1707,1714,1726,1769,1944,1796,903,784,683,631,750,266,1453,1530,1551,1571,1528,1530,1543,1131,1545,1567,1558,1583,1713,1797,1644,831,724,967,745,1218,1249,1339,1360,1379,1419,1408,1388,1111,1137,1377,1426,1416,1456,1500,1510,1521,1456,1222,1233,195,1042,1130,1201,1253,1274,1308,1287,1286,1080,1070,1121,1312,1307,1320,1407,1394,1363,1334,1329,1155,1221,176,195,156,1006,1083,1123,1177,1202,1192,1208,1070,992,1023,1197,1218,1234,1284,1273,1246,1223,1187,1125,1096,153,182,969,1022,1074,1119,1113,1112,1108,1027,1098,1134,1139,1142,1205,1171,1143,1105,1079,1034,966,891,
DiSp,I,10,36,42,44,48,53,58,60,68,73,0,82,6,17,19,23,26,36,40,44,48,58,0,68,73,77,82,10,17,22,23,26,31,36,40,42,43,47,53,57,62,67,73,0,81,3,12,16,19,21,23,25,30,35,40,41,43,46,52,56,60,66,73,77,81,9,11,14,16,18,20,23,25,29,34,40,41,43,46,51,55,62,65,72,80,2,8,11,13,16,18,20,23,25,28,33,39,41,43,45,50,54,59,61,64,71,76,2,5,7,11,13,15,18,20,23,25,28,33,38,41,43,45,49,54,59,61,63,70,75,2,4,13,15,18,20,23,24,27,32,37,41,43,45,49,54,59,61,63,69,74,78,
DiSp,Y,-1590,-254,284,512,729,768,969,1176,819,819,919,1756,-2867,-1298,-1089,-890,-652,-225,0,480,767,833,729,774,830,982,1808,-2432,-1377,-809,-793,-601,-397,-204,0,202,408,628,694,855,711,784,867,1023,1576,-746,-1844,-1206,-957,-747,-723,-543,-365,-133,0,185,368,562,612,855,1014,831,918,1567,1565,-1973,-1585,-1339,-1072,-851,-675,-666,-492,-262,-134,0,168,335,516,536,718,1199,1456,1550,2591,-546,-1689,-1433,-1201,-988,-786,-622,-609,-456,-255,-126,0,155,309,468,503,663,841,1052,1329,1465,1978,-493,-411,-253,-1277,-1083,-885,-726,-572,-564,-428,-253,-117,0,141,288,438,459,606,769,964,1187,1428,1776,-428,-384,-969,-806,-663,-532,-526,-394,-262,-121,0,134,269,405,430,557,705,871,1079,1312,1566,1872,
DiSp,Z,-861,-1016,-1136,-1024,-972,-977,-1006,-1031,-548,-490,-497,-867,-1062,-739,-716,-667,-652,-675,-683,-720,-767,-648,-415,-388,-372,-399,-670,-658,-523,-420,-396,-400,-397,-409,-404,-405,-408,-418,-441,-443,-270,-262,-259,-276,-389,-84,-275,-229,-209,-194,-180,-181,-182,-133,-182,-185,-184,-187,-194,-222,-222,-139,-137,-212,-193,0,0,0,0,0,0,0,0,0,0,0,0,0,0,0,0,0,0,0,0,62,228,214,201,187,172,161,152,152,127,126,132,155,154,156,159,172,184,199,222,219,267,112,101,68,382,362,336,318,297,282,285,253,234,242,283,288,292,291,314,337,366,397,427,480,145,142,486,459,436,414,395,394,393,364,389,402,404,405,410,434,464,496,542,589,635,693,
DiSp,P,1.12
DiSp,V,3.58
DiSp,A,nan,nan,nan,nan,nan,1898,nan,nan,nan,nan,nan,2142,2213,2409,2135,2081,2059,2135,2198,nan,1148,1038,1045,1847,nan,2977,nan,nan,nan,2083,nan,nan,1923,1825,nan,1865,1894,nan,1882,2074,2079,1821,nan,1166,1090,1057,1126,1833,nan,nan,nan,nan,nan,2146,1857,1824,1719,1668,1690,1708,1705,1688,1708,1771,1848,1924,nan,1156,1107,1095,1181,1656,740,nan,nan,2332,2091,1929,1779,1640,1543,1511,1532,1105,1556,1562,1598,1559,1633,nan,nan,nan,1181,1153,1799,1633,nan,nan,2223,2075,1843,1743,1613,1504,1397,1386,1109,1144,1409,1427,1440,1459,1467,1599,nan,nan,2112,1943,nan,2678,521,nan,1941,1834,1697,1578,1468,1374,1291,1298,1093,1080,1123,1301,1321,1315,1362,1447,1508,1638,1901,1844,nan,nan,473,427,293,1617,1521,1430,1341,1261,1184,1190,1067,995,1026,1192,1225,1231,1251,1326,1442,1555,1681,1805,1948,nan,411,410,nan,1498,1359,1304,1224,1169,1118,1118,1123,1035,1100,1126,1151,1143,1153,1235,1296,1386,1520,1636,1746,1932,
DiSp,X,1500,2142,2213,2409,2135,2081,2145,2045,1922,811,647,564,842,1357,1647,1923,1825,1865,1894,1882,2074,2165,1744,922,770,658,607,835,1697,1623,1747,1719,1668,1690,1708,1705,1688,1708,1771,1925,1843,914,782,682,637,755,275,1453,1478,1525,1555,1571,1543,1511,1532,1105,1556,1562,1598,1559,1701,835,718,970,744,1199,1293,1303,1378,1410,1441,1397,1386,1109,1144,1409,1427,1440,1459,1528,1532,1493,1211,1221,194,1047,1143,1199,1247,1283,1316,1291,1298,1093,1080,1123,1301,1321,1315,1418,1386,1318,1295,1344,1149,176,194,158,1008,1075,1130,1172,1208,1184,1190,1067,995,1026,1192,1225,1231,1303,1270,1260,1229,1188,1125,1051,153,186,933,960,1031,1070,1120,1118,1118,1123,1035,1100,1126,1151,1143,1201,1183,1133,1096,1074,1019,942,881,
DiSp,I,19,36,40,42,44,48,50,53,57,66,71,75,80,6,19,25,26,36,40,44,48,50,0,61,66,71,0,80,18,22,24,25,26,30,35,40,42,44,47,49,53,0,65,71,75,79,3,12,16,17,21,23,25,26,30,34,40,41,44,47,49,65,71,0,79,9,11,15,17,20,23,25,26,29,33,40,41,43,46,49,52,64,70,78,2,8,11,14,17,20,23,25,26,28,32,39,41,43,45,49,51,56,60,63,69,2,5,7,11,13,17,20,23,25,26,28,32,38,41,43,45,49,51,55,59,62,68,73,2,4,10,13,17,20,23,25,26,27,31,37,41,43,45,49,51,54,58,62,67,72,76,
DiSp,Y,-1183,-253,0,285,505,738,766,973,1186,811,820,913,1769,-2852,-1298,-910,-647,-220,0,445,736,774,830,726,770,835,984,1756,-1337,-1002,-831,-813,-592,-400,-202,0,199,404,628,688,877,720,782,865,1032,1586,-770,-1844,-1478,-1202,-960,-747,-730,-536,-362,-130,0,184,378,553,608,835,911,1573,1564,-1943,-1640,-1303,-1086,-870,-685,-661,-492,-262,-135,0,168,340,517,546,729,1493,1536,2565,-542,-1697,-1450,-1199,-983,-792,-626,-611,-460,-258,-127,0,153,312,466,507,659,813,1021,1344,1458,-492,-409,-256,-1278,-1075,-891,-723,-575,-560,-422,-252,-117,0,141,289,437,465,604,778,969,1188,1427,1703,-428,-392,-1184,-960,-812,-660,-533,-529,-396,-265,-122,0,133,272,405,429,563,699,864,1074,1293,1526,1851,
DiSp,Z,-898,-1013,-1047,-1140,-1010,-985,-974,-1010,-1040,-543,-491,-494,-874,-1056,-739,-682,-647,-662,-672,-668,-736,-738,-646,-413,-386,-375,-399,-650,-507,-439,-431,-406,-394,-400,-404,-403,-399,-404,-419,-437,-455,-273,-262,-259,-279,-391,-87,-275,-247,-228,-210,-194,-182,-178,-181,-130,-184,-184,-189,-184,-193,-139,-136,-212,-193,0,0,0,0,0,0,0,0,0,0,0,0,0,0,0,0,0,0,0,61,229,217,200,186,173,162,152,153,129,127,132,153,156,155,161,171,178,193,224,218,111,101,69,382,360,338,317,298,280,281,252,235,242,282,289,291,296,313,341,368,397,427,461,145,145,531,482,462,434,415,396,396,398,367,390,399,408,405,409,438,460,492,539,580,619,685,
DiSp,P,1.09
DiSp,V,3.57
DiSp,A,nan,nan,nan,nan,nan,1898,nan,nan,nan,nan,nan,2259,nan,2343,2123,2069,2076,2147,2211,nan,1142,1038,1042,1838,nan,2977,nan,nan,nan,2083,nan,nan,1856,1803,nan,1894,1911,nan,1921,2092,nan,1793,nan,1158,1088,1050,1107,1670,nan,nan,nan,nan,nan,2146,1857,1824,1682,1696,1678,1642,1713,1757,1797,1817,1823,1947,1968,1151,1100,1105,1184,1656,740,nan,nan,2332,2091,1929,1779,1640,1539,1530,1541,1128,1562,1567,1554,1584,1632,nan,nan,nan,nan,1169,1799,1630,nan,nan,2223,2075,1843,1743,1613,1504,1395,1395,1107,1151,nan,1421,1430,1446,1477,nan,nan,nan,nan,1935,nan,nan,521,nan,1941,1834,1697,1578,1468,1374,1275,1302,1083,1074,1124,1318,1331,1322,1353,1466,1568,1682,1904,1860,2341,nan,473,427,293,1617,1521,1430,1341,1261,1182,1196,1063,991,1019,1190,1236,1225,1244,1331,1395,1546,1715,1770,1929,nan,411,410,nan,1498,1359,1304,1224,1169,1111,1107,1112,1027,1089,1133,1141,1143,1165,1221,1316,1392,1512,1633,1817,2029,
DiSp,X,1500,2259,2343,2123,2069,2162,2057,1933,807,647,562,838,1357,1647,1856,1803,1894,1911,1921,2092,1717,915,769,654,597,761,1697,1623,1747,1682,1696,1678,1642,1713,1757,1797,1817,1899,1865,1720,910,777,688,639,755,275,1453,1478,1525,1555,1571,1539,1530,1541,1128,1562,1567,1554,1584,1700,728,970,743,1199,1293,1303,1378,1410,1441,1395,1395,1107,1151,1421,1430,1446,1538,1206,194,1047,1143,1199,1247,1283,1316,1275,1302,1083,1074,1124,1318,1331,1322,1409,1404,1371,1330,1346,1159,1263,176,194,158,1008,1075,1130,1172,1208,1182,1196,1063,991,1019,1190,1236,1225,1296,1275,1219,1222,1212,1103,1041,153,186,933,960,1031,1070,1120,1111,1107,1112,1027,1089,1133,1141,1143,1213,1169,1150,1100,1069,1018,980,925,
DiSp,I,19,38,43,45,47,49,0,55,0,67,0,0,6,19,25,27,38,41,45,47,51,59,63,67,71,74,18,22,24,25,27,32,37,0,43,45,46,49,0,0,0,0,67,0,0,3,12,16,17,21,23,25,26,31,36,41,43,44,46,48,67,71,74,9,11,15,17,20,23,25,26,30,35,43,44,46,48,66,2,8,11,14,17,20,23,25,26,29,34,40,43,44,46,48,50,54,58,62,65,70,2,5,7,11,13,17,20,23,25,26,29,34,40,42,44,46,48,50,53,57,61,65,69,2,4,10,13,17,20,23,25,26,28,33,39,42,44,46,48,50,52,56,60,64,68,72,
DiSp,Y,-1183,-267,277,502,734,773,979,1193,807,820,911,1761,-2852,-1298,-878,-640,-224,0,454,742,817,721,769,830,968,1600,-1337,-1002,-831,-796,-602,-397,-194,0,207,425,645,678,887,1062,717,777,873,1035,1586,-770,-1844,-1478,-1202,-960,-747,-728,-543,-364,-133,0,185,367,562,607,924,1573,1561,-1943,-1640,-1303,-1086,-870,-685,-660,-495,-262,-136,168,338,513,550,1530,-542,-1697,-1450,-1199,-983,-792,-626,-603,-462,-256,-127,0,155,315,469,503,668,846,1048,1346,1470,2047,-492,-409,-256,-1278,-1075,-891,-723,-575,-559,-424,-251,-117,0,140,292,434,463,607,752,963,1212,1399,1686,-428,-392,-1184,-960,-812,-660,-533,-525,-393,-263,-121,0,134,270,405,433,556,710,867,1069,1291,1588,1944,
DiSp,Z,-898,-1069,-1109,-1004,-979,-982,-1016,-1046,-540,-491,-493,-870,-1056,-739,-658,-640,-672,-678,-682,-742,-636,-411,-386,-372,-393,-592,-507,-439,-431,-398,-401,-397,-388,-405,-415,-425,-430,-431,-460,-465,-272,-260,-261,-280,-391,-87,-275,-247,-228,-210,-194,-182,-181,-182,-133,-184,-185,-183,-187,-193,-138,-212,-192,0,0,0,0,0,0,0,0,0,0,0,0,0,0,0,61,229,217,200,186,173,162,150,154,128,127,133,155,157,156,160,173,185,199,225,220,277,111,101,69,382,360,338,317,298,279,283,251,234,241,281,292,289,294,315,330,365,405,418,456,145,145,531,482,462,434,415,394,393,394,364,386,402,405,405,413,433,467,494,536,579,645,720,
DiSp,P,1.07
DiSp,V,3.57
DiSp,A,nan,nan,nan,nan,nan,nan,nan,nan,nan,nan,nan,2259,nan,2343,2123,2069,2091,2137,2187,nan,1156,1051,1045,1843,nan,2940,nan,nan,nan,2063,nan,nan,1856,1803,nan,1894,1911,nan,1921,2092,1978,1867,nan,1189,1095,1051,1110,1721,nan,nan,2860,2687,nan,2188,nan,1803,1682,1696,1678,1642,1713,1757,1797,1817,1786,1893,nan,1126,1098,1095,1180,1654,732,nan,nan,nan,2119,1955,1773,1633,1539,1530,1541,1128,1562,1567,1554,1584,1624,nan,1890,nan,1188,1149,1800,1618,nan,nan,2233,2039,1882,1707,1601,1488,1395,1395,1107,1151,nan,1421,1430,1446,1494,1551,nan,nan,nan,1958,2201,nan,550,nan,1975,1826,1676,1569,1449,1360,1275,1302,1083,1074,1124,1318,1331,1322,1342,1450,1536,1643,1881,1886,nan,nan,474,429,275,1623,1526,1431,1334,1255,1182,1196,1063,991,1019,1190,1236,1225,1256,1341,1481,1530,1680,1795,2024,nan,415,411,309,1457,1377,1299,1229,1159,1111,1107,1112,1027,1089,1133,1141,1143,1154,1228,1302,1398,1525,1635,1803,1999,
DiSp,X,2259,2343,2123,2069,2178,2047,1912,817,655,564,840,1340,1631,1856,1803,1894,1911,1921,2092,2060,1788,940,774,655,599,784,1543,1675,1730,1727,1682,1696,1678,1642,1713,1757,1797,1817,1860,1813,890,776,682,636,754,272,1498,1545,1550,1564,1539,1530,1541,1128,1562,1567,1554,1584,1691,1652,840,716,971,737,1205,1271,1330,1349,1400,1425,1395,1395,1107,1151,1421,1430,1446,1556,1486,1220,1187,204,1065,1138,1185,1240,1267,1303,1275,1302,1083,1074,1124,1318,1331,1322,1398,1389,1343,1299,1330,1175,176,195,148,1011,1079,1131,1166,1202,1182,1196,1063,991,1019,1190,1236,1225,1308,1284,1295,1209,1187,1119,1092,154,187,166,908,973,1027,1074,1110,1111,1107,1112,1027,1089,1133,1141,1143,1202,1176,1138,1105,1078,1019,973,911,
DiSp,I,35,40,42,44,47,49,53,0,63,67,0,6,17,22,24,35,38,42,44,47,0,56,59,63,0,70,10,11,17,21,22,24,29,34,0,40,42,43,46,49,0,0,63,67,0,3,13,16,19,20,22,23,28,33,38,40,41,43,46,53,59,63,0,70,10,11,12,15,18,20,22,23,27,32,40,41,43,46,48,62,66,2,9,11,12,14,18,20,22,23,26,31,37,40,41,43,45,48,52,55,58,61,2,5,8,11,12,14,18,20,22,23,26,31,37,39,41,43,45,48,51,55,57,61,65,2,4,7,11,12,14,18,20,22,23,25,30,36,39,41,43,45,48,50,54,57,60,64,68,
DiSp,Y,-267,277,502,734,778,974,1180,817,831,913,1765,-2816,-1286,-878,-640,-224,0,454,742,736,851,741,774,831,970,1648,-2500,-2124,-1364,-822,-796,-602,-397,-194,0,207,425,645,665,863,701,776,865,1031,1584,-762,-1498,-1218,-956,-744,-728,-543,-364,-133,0,185,367,562,604,1020,840,908,1574,1550,-1952,-1612,-1330,-1064,-864,-678,-660,-495,-262,-136,168,338,513,556,707,1548,1924,-573,-1727,-1443,-1185,-978,-782,-620,-603,-462,-256,-127,0,155,315,469,499,661,829,1024,1330,1491,-493,-411,-240,-1283,-1079,-892,-720,-572,-559,-424,-251,-117,0,140,292,434,467,611,799,953,1187,1419,1769,-432,-393,-270,-1152,-973,-809,-663,-528,-525,-393,-263,-121,0,134,270,405,429,560,702,871,1078,1292,1576,1915,
DiSp,Z,-1069,-1109,-1004,-979,-989,-1011,-1035,-547,-497,-494,-872,-1043,-732,-658,-640,-672,-678,-682,-742,-702,-662,-422,-388,-373,-394,-611,-676,-635,-517,-426,-398,-401,-397,-388,-405,-415,-425,-430,-422,-448,-266,-259,-259,-279,-391,-86,-250,-231,-209,-193,-182,-181,-182,-133,-184,-185,-183,-187,-192,-223,-140,-135,-213,-191,0,0,0,0,0,0,0,0,0,0,0,0,0,0,0,0,0,65,233,216,198,185,171,160,150,154,128,127,133,155,157,156,158,171,181,194,222,223,112,101,65,384,361,338,315,297,279,283,251,234,241,281,292,289,297,317,350,362,397,424,479,147,145,109,517,488,461,436,411,394,393,394,364,386,402,405,405,409,435,462,496,541,580,640,709,
DiSp,P,1.07
DiSp,V,3.58
DiSp,A,nan,nan,nan,nan,nan,1890,nan,nan,nan,nan,nan,2137,nan,2385,2145,2076,2091,2137,2187,nan,1156,1051,1045,1843,nan,2928,nan,nan,nan,2082,2014,nan,nan,1854,nan,1877,1890,nan,2019,2122,1978,1867,nan,1189,1095,1051,1110,1721,762,nan,2946,nan,nan,2190,nan,1822,1721,1701,1694,1706,1681,1730,1709,1724,1786,1893,nan,1126,1098,1095,1180,1654,778,nan,2599,nan,nan,1912,1793,1618,1526,1526,1548,1114,1567,1568,1566,1592,1624,nan,1890,nan,1188,1149,1800,1618,nan,nan,2194,2078,1889,1724,1612,1489,1387,1394,1104,1143,1377,1415,1413,1438,1494,1551,nan,nan,nan,1958,2201,nan,534,nan,1924,1826,1686,1563,1460,1356,1286,1288,1084,1072,1114,1314,1317,1326,1342,1450,1536,1643,1881,1886,nan,nan,473,422,312,1604,1522,1444,1348,1259,1198,1205,1077,1003,1022,nan,1210,1237,1256,1341,1481,1530,1680,1795,2024,nan,415,399,nan,1495,1371,1293,1221,1147,1116,1127,1111,1035,1092,1137,1136,1151,1154,1228,1302,1398,1525,1635,1803,1999,
DiSp,X,1494,2137,2385,2145,2076,2178,2047,1912,817,655,564,840,1335,1646,1761,1854,1877,1890,2019,2122,2060,1788,940,774,655,599,784,283,1590,1731,1745,1721,1701,1694,1706,1681,1730,1709,1724,1860,1813,890,776,682,636,754,289,1402,1511,1567,1550,1526,1526,1548,1114,1567,1568,1566,1592,1691,1652,840,716,971,737,1184,1295,1335,1363,1409,1426,1387,1394,1104,1143,1377,1415,1413,1438,1556,1486,1220,1187,198,1038,1138,1192,1236,1276,1299,1286,1288,1084,1072,1114,1314,1317,1326,1398,1389,1343,1299,1330,1175,176,192,168,999,1076,1141,1178,1206,1198,1205,1077,1003,1022,1210,1237,1308,1284,1295,1209,1187,1119,1092,154,181,932,969,1022,1067,1098,1116,1127,1111,1035,1092,1137,1136,1151,1202,1176,1138,1105,1078,1019,973,911,
DiSp,I,19,36,43,47,51,54,56,60,0,70,74,0,5,19,21,27,36,41,47,51,54,0,63,66,70,0,77,0,10,18,23,25,27,31,36,41,43,46,50,53,56,0,0,70,74,0,2,9,17,21,22,24,26,30,35,41,42,45,49,53,60,66,70,0,77,8,13,15,17,20,22,24,26,29,34,40,42,44,48,53,55,69,73,2,7,12,14,17,20,22,24,26,28,33,39,42,44,48,52,55,59,62,65,68,2,4,6,12,14,17,20,22,24,26,28,33,38,44,48,52,55,58,62,64,68,72,2,3,11,14,16,20,22,24,26,28,32,37,42,44,48,52,55,57,61,64,67,71,75,
DiSp,Y,-1178,-252,282,507,737,778,974,1180,817,831,913,1765,-2805,-1297,-1087,-658,-222,0,477,753,736,851,741,774,831,970,1648,-793,-2576,-1365,-830,-814,-603,-400,-201,0,204,404,612,665,863,701,776,865,1031,1584,-810,-2272,-1191,-967,-737,-722,-541,-366,-131,0,185,370,565,604,1020,840,908,1574,1550,-1918,-1643,-1335,-1074,-870,-679,-656,-494,-261,-135,0,167,334,510,556,707,1548,1924,-556,-1682,-1443,-1192,-974,-788,-618,-608,-457,-256,-126,0,155,311,470,499,661,829,1024,1330,1491,-492,-404,-272,-1268,-1076,-900,-727,-574,-567,-427,-254,-118,0,286,439,467,611,799,953,1187,1419,1769,-432,-382,-1182,-969,-806,-659,-523,-528,-400,-262,-122,0,134,268,408,429,560,702,871,1078,1292,1576,1915,
DiSp,Z,-894,-1011,-1128,-1015,-982,-989,-1011,-1035,-547,-497,-494,-872,-1039,-739,-715,-658,-666,-671,-716,-753,-702,-662,-422,-388,-373,-394,-611,-180,-697,-518,-431,-407,-402,-400,-403,-397,-409,-404,-408,-422,-448,-266,-259,-259,-279,-391,-92,-307,-226,-212,-191,-180,-180,-183,-131,-185,-185,-185,-188,-192,-223,-140,-135,-213,-191,0,0,0,0,0,0,0,0,0,0,0,0,0,0,0,0,0,0,63,227,216,199,184,172,160,152,152,128,126,131,155,155,156,158,171,181,194,222,223,111,99,73,379,360,341,319,297,283,285,254,237,241,286,292,297,317,350,362,397,424,479,147,141,530,486,459,433,407,396,400,394,367,387,403,403,408,409,435,462,496,541,580,640,709,
DiSp,P,1.07
DiSp,V,3.57
DiSp,A,nan,nan,nan,nan,nan,nan,nan,nan,nan,nan,nan,2213,nan,2332,2158,2100,2082,2138,2188,nan,1148,1040,1051,1865,nan,3001,nan,nan,nan,2099,nan,nan,nan,1844,1873,1918,1923,nan,nan,2028,nan,1786,nan,1172,1094,1051,1114,nan,nan,nan,nan,nan,nan,2221,1899,1850,1694,1668,1711,1738,1699,1724,1737,1776,1822,1909,nan,1140,1097,1100,1172,1658,719,nan,nan,2225,2040,1941,1779,1637,1513,1508,1549,1128,1550,1552,1541,1572,1610,1778,nan,nan,1150,1169,1796,1610,nan,nan,2272,2030,1892,1739,1612,1501,1408,1395,1111,1151,1404,1445,1424,1427,1463,1530,nan,nan,2068,1948,nan,2630,525,nan,1972,1828,1683,1559,1457,1377,1278,1289,1084,1074,1121,1305,1305,1327,1343,1462,1540,1688,1894,1877,nan,nan,471,421,287,1571,1535,1434,1324,1257,1180,1207,1059,1001,1019,nan,1213,1227,1232,1332,1449,1542,1695,1792,nan,nan,413,407,nan,1412,1383,1296,1223,1162,1118,1113,1112,1018,1097,1138,1152,1150,1148,1231,1301,1408,1505,1645,1802,1979,
DiSp,X,2213,2332,2158,2100,2169,2048,1913,811,648,567,850,1368,1659,1844,1873,1918,1923,2028,1711,926,773,655,601,1756,1660,1772,1694,1668,1711,1738,1699,1724,1737,1776,1898,1829,901,775,685,632,756,267,1387,1442,1534,1555,1568,1513,1508,1549,1128,1550,1552,1541,1572,1677,1703,813,728,969,734,1226,1265,1337,1375,1409,1438,1408,1395,1111,1151,1404,1445,1424,1427,1524,1465,1462,1214,1199,195,1064,1139,1190,1232,1274,1319,1278,1289,1084,1074,1121,1305,1305,1327,1399,1400,1346,1334,1339,1170,175,192,154,979,1085,1133,1157,1204,1180,1207,1059,1001,1019,1213,1227,1283,1276,1267,1219,1198,1117,153,185,880,977,1024,1069,1113,1118,1113,1112,1018,1097,1138,1152,1150,1196,1179,1137,1113,1064,1025,972,902,